連番,索引番号,山名＜山頂名＞,山名よみ＜山頂名よみ＞,標高値(m),種別,都道府県,緯度,経度
1,1,知床岳,しれとこだけ,1254,三角点,北海道,44.235726,145.27394
2,2,硫黄山,いおうざん,1562,三角点,北海道,44.133258,145.16129
3,3,知円別岳,ちえんべつだけ,1544,標高点,北海道,44.124615,145.168839
4,4,サシルイ岳,さしるいだけ,1564,標高点,北海道,44.095319,145.143678
5,5,羅臼岳,らうすだけ,1660,測定点,北海道,44.075917,145.122246
6,6,遠音別岳,おんねべつだけ,1330,三角点,北海道,43.993399,145.013274
7,7,海別岳,うなべつだけ,1419,三角点,北海道,43.876845,144.87654
8,8,斜里岳,しゃりだけ,1547,標高点,北海道,43.765743,144.717659
9,9,標津岳,しべつだけ,1061,標高点,北海道,43.668171,144.704818
10,10,藻琴山,もことやま,1000,三角点,北海道,43.704313,144.330987
11,11,アトサヌプリ（硫黄山）,あとさぬぷり（いおうざん）,508,標高点,北海道,43.610395,144.438652
12,12,カムイヌプリ（摩周岳）,かむいぬぷり（ましゅうだけ）,857,標高点,北海道,43.572273,144.560902
13,13,雄阿寒岳,おあかんだけ,1370,三角点,北海道,43.454056,144.164617
14,14-1,雌阿寒岳,めあかんだけ,1499,標高点,北海道,43.386318,144.008813
15,14-2,雌阿寒岳＜阿寒富士＞,めあかんだけ＜あかんふじ＞,1476,三角点,北海道,43.374063,144.006504
16,15,ウコタキヌプリ,うこたきぬぷり,747,標高点,北海道,43.208527,143.797571
17,16,礼文岳,れぶんだけ,490,三角点,北海道,45.37252,141.015803
18,17,利尻山（利尻富士）,りしりざん（りしりふじ）,1721,標高点,北海道,45.178536,141.242036
19,18,幌尻山,ぽろしりやま,427,三角点,北海道,45.165622,142.008524
20,19,パンケ山,ぱんけざん,632,三角点,北海道,44.857042,142.149839
21,20,ポロヌプリ山,ぽろぬぷりざん,841,標高点,北海道,44.961847,142.420377
22,21,敏音知岳,ぴんねしりだけ,703,三角点,北海道,44.89306,142.234535
23,22,函岳,はこだけ,1129,三角点,北海道,44.665888,142.412131
24,23,ピヤシリ山,ぴやしりやま,987,三角点,北海道,44.433695,142.584098
25,24,欝岳,うつだけ,818,三角点,北海道,44.291743,143.08253
26,25,ウエンシリ岳,うえんしりだけ,1142,三角点,北海道,44.228801,142.876338
27,26,渚滑岳,しょこつだけ,1345,三角点,北海道,44.040358,142.917386
28,27,天塩岳,てしおだけ,1557,三角点,北海道,43.964372,142.887986
29,28,チトカニウシ山,ちとかにうしやま,1445,三角点,北海道,43.906794,143.048547
30,29,仁頃山,にころやま,829,三角点,北海道,43.878268,143.718209
31,30,ニセイカウシュッペ山,にせいかうしゅっぺやま,1883,標高点,北海道,43.779967,142.985346
32,31,武利岳,むりいだけ,1876,三角点,北海道,43.732934,143.176511
33,32,武華山,むかやま,1759,三角点,北海道,43.705705,143.160519
34,33,北見富士,きたみふじ,1291,三角点,北海道,43.693735,143.295921
35,34-1,大雪山（ヌタプカウシペ）＜旭岳＞,たいせつざん（ぬたぷかうしぺ）＜あさひだけ＞,2291,三角点,北海道,43.663582,142.854138
36,34-2,大雪山（ヌタプカウシペ）＜黒岳＞,たいせつざん（ぬたぷかうしぺ）＜くろだけ＞,1984,標高点,北海道,43.6975,142.920277
37,34-3,大雪山（ヌタプカウシペ）＜北鎮岳＞,たいせつざん（ぬたぷかうしぺ）＜ほくちんだけ＞,2244,標高点,北海道,43.692768,142.8799
38,34-4,大雪山（ヌタプカウシペ）＜愛別岳＞,たいせつざん（ぬたぷかうしぺ）＜あいべつだけ＞,2113,標高点,北海道,43.707911,142.857119
39,34-5,大雪山（ヌタプカウシペ）＜白雲岳＞,たいせつざん（ぬたぷかうしぺ）＜はくうんだけ＞,2230,三角点,北海道,43.661188,142.905915
40,35,忠別岳,ちゅうべつだけ,1963,標高点,北海道,43.59108,142.894507
41,36,トムラウシ山,とむらうしやま,2141,三角点,北海道,43.527111,142.84879
42,37,オプタテシケ山,おぷたてしけやま,2012,三角点,北海道,43.470244,142.751538
43,38,美瑛岳,びえいだけ,2052,三角点,北海道,43.439895,142.706563
44,39,十勝岳,とかちだけ,2077,標高点,北海道,43.417859,142.686283
45,40,上ホロカメットク山,かみほろかめっとくやま,1920,標高点,北海道,43.404887,142.671772
46,41,富良野岳,ふらのだけ,1912,三角点,北海道,43.393723,142.634976
47,42,三国山,みくにやま,1541,三角点,北海道,43.595395,143.146416
48,43,石狩岳,いしかりだけ,1967,標高点,北海道,43.546573,143.022311
49,44,音更山,おとふけやま,1932,三角点,北海道,43.561775,143.03531
50,45,ニペソツ山,にぺそつやま,2013,標高点,北海道,43.455985,143.032245
51,46,ウペペサンケ山,うぺぺさんけやま,1848,標高点,北海道,43.389519,143.082096
52,47,東ヌプカウシヌプリ,ひがしぬぷかうしぬぷり,1252,三角点,北海道,43.245784,143.102143
53,48,佐幌岳,さほろだけ,1059,三角点,北海道,43.173381,142.780995
54,49,西クマネシリ岳,にしくまねしりだけ,1635,標高点,北海道,43.519124,143.233282
55,50,東三国山,ひがしみくにやま,1230,三角点,北海道,43.508208,143.463732
56,51,喜登牛山,きとうしやま,1312,三角点,北海道,43.447692,143.456324
57,52,ピッシリ山,ぴっしりざん,1031,三角点,北海道,44.355624,142.032063
58,53,三頭山,さんとうさん,1009,三角点,北海道,44.091549,142.085817
59,54,ポロシリ山,ぽろしりやま,730,三角点,北海道,43.962587,141.836233
60,55,暑寒別岳,しょかんべつだけ,1491,三角点,北海道,43.715865,141.522949
61,56,群別岳,くんべつだけ,1376,三角点,北海道,43.68474,141.487671
62,57,ピンネシリ,ぴんねしり,1100,三角点,北海道,43.491807,141.70674
63,58,イルムケップ山,いるむけっぷやま,864,三角点,北海道,43.629214,142.110281
64,59,富良野西岳,ふらのにしだけ,1331,三角点,北海道,43.309197,142.311645
65,60,芦別岳,あしべつだけ,1726,三角点,北海道,43.23573,142.283553
66,61,幾春別岳,いくしゅんべつだけ,1068,標高点,北海道,43.227072,142.159415
67,62,夕張岳,ゆうばりだけ,1668,三角点,北海道,43.099691,142.251011
68,63,ハッタオマナイ岳,はったおまないだけ,1021,三角点,北海道,42.846969,142.313123
69,64,トマム山,とまむやま,1239,三角点,北海道,43.078634,142.596096
70,65,芽室岳,めむろだけ,1753,三角点,北海道,42.868967,142.785395
71,66,剣山,つるぎやま,1205,三角点,北海道,42.848703,142.885059
72,67,チロロ岳,ちろろだけ,1880,三角点,北海道,42.825585,142.675406
73,68,ピパイロ岳,ぴぱいろだけ,1916,三角点,北海道,42.773184,142.72761
74,69,戸蔦別岳,とったべつだけ,1959,標高点,北海道,42.738665,142.695107
75,70,幌尻岳,ぽろしりだけ,2052,三角点,北海道,42.719435,142.682894
76,71,エサオマントッタベツ岳,えさおまんとったべつだけ,1902,標高点,北海道,42.689411,142.757826
77,72,札内岳,さつないだけ,1895,三角点,北海道,42.693848,142.79675
78,73,十勝幌尻岳,とかちぽろしりだけ,1846,三角点,北海道,42.695467,142.859408
79,74,イドンナップ岳,いどんなっぷだけ,1752,標高点,北海道,42.630386,142.648841
80,75,カムイエクウチカウシ山,かむいえくうちかうしやま,1979,三角点,北海道,42.625112,142.766406
81,76,１８３９峰,いっぱさんきゅうほう,1842,標高点,北海道,42.539346,142.808116
82,77,ペテガリ岳,ぺてがりだけ,1736,三角点,北海道,42.499337,142.871019
83,78,中ノ岳,なかのだけ,1519,標高点,北海道,42.468032,142.884608
84,79,神威岳,かむいだけ,1600,三角点,北海道,42.428465,142.906866
85,80,ピリカヌプリ,ぴりかぬぷり,1630,三角点,北海道,42.402225,142.966802
86,81,楽古岳,らっこだけ,1471,三角点,北海道,42.272513,143.111252
87,82,豊似岳,とよにだけ,1104,三角点,北海道,42.076973,143.232975
88,83,アポイ岳,あぽいだけ,810,三角点,北海道,42.107849,143.025658
89,84,藻岩山,もいわやま,531,三角点,北海道,43.02238,141.322328
90,85,手稲山,ていねやま,1023,三角点,北海道,43.076737,141.192632
91,86,余市岳,よいちだけ,1488,三角点,北海道,43.032728,141.019787
92,87,本倶登山,ぽんくとさん,1009,三角点,北海道,42.955178,140.912621
93,88,無意根山,むいねやま,1464,標高点,北海道,42.930775,141.040671
94,89,札幌岳,さっぽろだけ,1293,三角点,北海道,42.900189,141.200521
95,90,空沼岳,そらぬまだけ,1251,標高点,北海道,42.865007,141.253694
96,91,恵庭岳,えにわだけ,1320,標高点,北海道,42.793311,141.285351
97,92,風不死岳,ふっぷしだけ,1102,三角点,北海道,42.716842,141.358874
98,93,樽前山,たるまえさん,1041,標高点,北海道,42.690539,141.37665
99,94,ホロホロ山,ほろほろやま,1322,三角点,北海道,42.633513,141.142532
100,95,余別岳,よべつだけ,1298,三角点,北海道,43.26006,140.459136
101,96,天狗岳,てんぐだけ,872,三角点,北海道,43.184805,140.660816
102,97,雷電山,らいでんやま,1211,三角点,北海道,42.903633,140.469623
103,98,目国内岳,めくんないだけ,1220,標高点,北海道,42.899746,140.515293
104,99,ニセコアンヌプリ,にせこあんぬぷり,1308,三角点,北海道,42.875018,140.658839
105,100,羊蹄山（蝦夷富士）,ようていざん（えぞふじ）,1898,標高点,北海道,42.826659,140.811488
106,101,尻別岳,しりべつだけ,1107,三角点,北海道,42.772572,140.910348
107,102,貫気別山,ぬっきべつやま,993,三角点,北海道,42.710081,140.92273
108,103,昆布岳,こんぶだけ,1045,三角点,北海道,42.71037,140.655469
109,104,昭和新山,しょうわしんざん,398,標高点,北海道,42.542555,140.86435
110,105,有珠山＜大有珠＞,うすざん＜おおうす＞,733,標高点,北海道,42.543998,140.839251
111,106,母衣月山,ほろづきやま,503,三角点,北海道,42.770126,140.214933
112,107,大平山,おおびらやま,1191,三角点,北海道,42.635959,140.135584
113,108,狩場山,かりばやま,1520,三角点,北海道,42.613353,139.940602
114,109,毛無山,けなしやま,816,標高点,北海道,42.295409,139.810731
115,110,遊楽部岳（見市岳）,ゆうらっぷだけ（けんいちだけ）,1277,標高点,北海道,42.219023,140.01034
116,111,乙部岳,おとべだけ,1017,三角点,北海道,42.03937,140.274586
117,112,駒ヶ岳＜剣ヶ峯＞,こまがたけ＜けんがみね＞,1131,標高点,北海道,42.063344,140.677287
118,113,横津岳,よこつだけ,1167,標高点,北海道,41.937884,140.771135
119,114,恵山,えさん,617,三角点,北海道,41.804707,141.166031
120,115,函館山,はこだてやま,334,標高点,北海道,41.759027,140.704302
121,116,八幡岳,はちまんだけ,664,三角点,北海道,41.851881,140.229991
122,117,桂岳,かつらだけ,734,三角点,北海道,41.789257,140.4644
123,118,七ッ岳,ななつだけ,957,三角点,北海道,41.624218,140.21407
124,119,大千軒岳,だいせんげんだけ,1072,三角点,北海道,41.579319,140.160818
125,120,岩部岳,いわべだけ,794,三角点,北海道,41.527175,140.310867
126,121,神威山,かむいやま,584,標高点,北海道,42.160273,139.442662
127,122,江良岳,えらだけ,731,三角点,北海道,41.509904,139.367158
128,123,燧岳,ひうちだけ,781,三角点,青森県,41.439132,141.052919
129,124,釜臥山,かまふせやま,878,三角点,青森県,41.278517,141.120015
130,125,桑畑山,くわばたやま,400,三角点,青森県,41.387582,141.440735
131,126,吹越烏帽子,ふっこしえぼし,508,三角点,青森県,41.037443,141.317141
132,127,丸屋形岳,まるやがただけ,718,三角点,青森県,41.152825,140.586625
133,128,四ッ滝山,よつだきやま,669,三角点,青森県,41.12169,140.400483
134,129,梵珠山,ぼんじゅさん,468,三角点,青森県,40.799693,140.575489
135,130,階上岳（種市岳）,はしかみだけ（たねいちだけ）,739,三角点,青森県 岩手県,40.400693,141.584364
136,131,名久井岳,なくいだけ,615,三角点,青森県,40.387975,141.308363
137,132,折爪岳,おりつめだけ,852,三角点,岩手県,40.26876,141.374481
138,133,安家森,あっかもり,1239,三角点,岩手県,40.038037,141.540989
139,134,遠島山,とおしまやま,1262,三角点,岩手県,40.020655,141.644249
140,135,三巣子岳,みすごだけ,1181,三角点,岩手県,39.900078,141.485421
141,136,姫神山,ひめかみやま,1123,三角点,岩手県,39.844024,141.246896
142,137,堺ノ神岳,さかいのかみだけ,1319,三角点,岩手県,39.750263,141.626389
143,138,害鷹森,がいたかもり,1304,三角点,岩手県,39.711729,141.604551
144,139,青松葉山,あおまつばやま,1365,三角点,岩手県,39.697498,141.483563
145,140,峠ノ神山,とうげのかみやま,1229,三角点,岩手県,39.726881,141.781082
146,141,早池峰山,はやちねさん,1917,標高点,岩手県,39.558445,141.488876
147,142,薬師岳,やくしだけ,1645,三角点,岩手県,39.529927,141.495734
148,143,十二神山,じゅうにしんざん,731,三角点,岩手県,39.538579,141.974887
149,144,六角牛山,ろっこうしさん,1293,三角点,岩手県,39.318339,141.650179
150,145,五葉山,ごようざん,1351,標高点,岩手県,39.205453,141.732123
151,146,物見山（種山）,ものみやま（たねやま）,870,三角点,岩手県,39.201143,141.401724
152,147,氷上山,ひかみさん,874,三角点,岩手県,39.058929,141.660547
153,148,室根山,むろねさん,895,三角点,岩手県,38.975194,141.447249
154,149,徳仙丈山,とくせんじょうやま,711,三角点,宮城県,38.848421,141.469945
155,150,金華山,きんかさん,444,三角点,宮城県,38.295305,141.566804
156,151-1,八甲田山＜大岳＞,はっこうださん＜おおだけ＞,1584,三角点,青森県,40.658907,140.877249
157,151-2,八甲田山＜高田大岳＞,はっこうださん＜たかだおおだけ＞,1559,標高点,青森県,40.65305,140.907131
158,152,櫛ヶ峯（上岳）,くしがみね（かみだけ）,1516,三角点,青森県,40.603174,140.842575
159,153,戸来岳＜三ッ岳＞,へらいだけ＜みつだけ＞,1159,三角点,青森県,40.452926,141.001503
160,154,白地山,しろじやま,1034,三角点,秋田県,40.447215,140.788164
161,155,中岳,なかだけ,1024,三角点,秋田県 岩手県,40.246022,140.944368
162,156,稲庭岳,いなにわだけ,1078,三角点,岩手県,40.198619,141.04621
163,157,五ノ宮嶽,ごのみやだけ,1115,三角点,秋田県,40.145836,140.845939
164,158,七時雨山,ななしぐれやま,1063,標高点,岩手県,40.069278,141.105652
165,159,森吉山,もりよしざん,1454,三角点,秋田県,39.976753,140.544174
166,160,焼山,やけやま,1366,三角点,秋田県,39.963818,140.757004
167,161-1,八幡平,はちまんたい,1613,三角点,岩手県,39.957808,140.854094
168,161-2,八幡平＜茶臼岳＞,はちまんたい＜ちゃうすだけ＞,1578,三角点,岩手県,39.950761,140.898932
169,161-3,八幡平＜畚岳＞,はちまんたい＜もっこだけ＞,1577,三角点,秋田県,39.935921,140.850603
170,162,大深岳,おおふかだけ,1541,三角点,岩手県 秋田県,39.881092,140.879683
171,163,岩手山,いわてさん,2038,三角点,岩手県,39.852607,141.001018
172,164,烏帽子岳（乳頭山）,えぼしだけ（にゅうとうざん）,1478,標高点,岩手県 秋田県,39.804889,140.838626
173,165,駒ヶ岳＜男女岳＞,こまがだけ＜おなめだけ＞,1637,三角点,秋田県,39.761097,140.799381
174,166,岩木山,いわきさん,1624,三角点,青森県,40.655916,140.303075
175,167,向白神岳,むかいしらかみだけ,1250,標高点,青森県,40.523919,140.045433
176,168,白神岳,しらかみだけ,1235,標高点,青森県,40.507426,140.01823
177,169,二ッ森,ふたつもり,1086,三角点,青森県 秋田県,40.435045,140.117906
178,170,駒ヶ岳,こまがたけ,1158,三角点,秋田県,40.412911,140.251138
179,171,田代岳,たしろだけ,1178,三角点,秋田県,40.428486,140.408843
180,172,房住山,ぼうじゅうざん,409,三角点,秋田県,40.060516,140.216095
181,173,太平山,たいへいざん,1170,三角点,秋田県,39.796992,140.310685
182,174,大仏岳,だいぶつだけ,1166,三角点,秋田県,39.813647,140.515642
183,175,東光山,とうこうさん,594,標高点,秋田県,39.40658,140.161576
184,176,八塩山,やしおやま,713,三角点,秋田県,39.236573,140.227682
185,177,鳥海山＜新山＞,ちょうかいさん＜しんざん＞,2236,測定点,山形県,39.099369,140.048885
186,178,丁岳,ひのとだけ,1145,三角点,秋田県 山形県,39.032022,140.219333
187,179,甑山＜男甑山＞,こしきやま＜おとここしきやま＞,981,三角点,山形県,39.012053,140.310571
188,180,男加無山,おかぶやま,997,三角点,山形県,39.009413,140.260287
189,181,寒風山,かんぷうざん,355,三角点,秋田県,39.933704,139.875349
190,182,本山,ほんざん,715,三角点,秋田県,39.906841,139.753772
191,183,東根山,あずまねさん,928,三角点,岩手県,39.58735,141.059766
192,184,和賀岳,わがだけ,1439,三角点,岩手県 秋田県,39.570396,140.754255
193,185,真昼岳,まひるだけ,1059,標高点,岩手県 秋田県,39.447854,140.676545
194,186,黒森,くろもり,944,三角点,岩手県,39.348275,140.86838
195,187,焼石岳,やけいしだけ,1547,三角点,岩手県,39.163672,140.828835
196,188,栗駒山（須川岳）,くりこまやま（すかわだけ）,1626,三角点,岩手県 宮城県,38.960912,140.78843
197,189,高松岳,たかまつだけ,1348,標高点,秋田県,38.967703,140.606336
198,190,虎毛山,とらげさん,1432,三角点,秋田県,38.90458,140.618816
199,191,荒雄岳,あらおだけ,984,三角点,宮城県,38.833153,140.691545
200,192,神室山,かむろさん,1365,三角点,秋田県 山形県,38.902253,140.4923
201,193,火打岳,ひうちだけ,1237,三角点,山形県,38.84021,140.448473
202,194,杢蔵山,もくぞうやま,1026,三角点,山形県,38.789521,140.40138
203,195,禿岳（小鏑山）,かむろだけ（こかぶらやま）,1261,三角点,山形県 宮城県,38.810947,140.595092
204,196,箟岳山,ののだけやま,236,標高点,宮城県,38.565746,141.178755
205,197,大高森,おおたかもり,105,三角点,宮城県,38.340614,141.152511
206,198,翁山,おきなさん,1075,三角点,山形県,38.650866,140.544798
207,199,薬?山,やくらいさん,553,三角点,宮城県,38.575542,140.705262
208,200,船形山（御所山）,ふながたやま（ごしょざん）,1500,三角点,宮城県 山形県,38.455447,140.619866
209,201,泉ヶ岳,いずみがたけ,1175,測定点,宮城県,38.411987,140.708761
210,202,太白山,たいはくさん,321,三角点,宮城県,38.234935,140.802178
211,203,大東岳,だいとうだけ,1365,三角点,宮城県,38.302146,140.523563
212,204-1,蔵王山＜熊野岳＞,ざおうざん（ざおうさん）＜くまのだけ＞,1841,測定点,山形県,38.143878,140.439741
213,204-2,蔵王山＜刈田岳＞,ざおうざん（ざおうさん）＜かっただけ＞,1758,三角点,宮城県,38.127754,140.448187
214,204-3,蔵王山＜?風岳＞,ざおうざん（ざおうさん）＜びょうぶだけ＞,1825,標高点,宮城県,38.095707,140.476135
215,204-4,蔵王山＜不忘山（御前岳）＞,ざおうざん（ざおうさん）＜ふぼうさん（おまえだけ）＞,1705,三角点,宮城県,38.075661,140.478859
216,205,青麻山,あおそやま,799,三角点,宮城県,38.084769,140.607578
217,206,栗子山,くりこやま,1217,三角点,福島県 山形県,37.874343,140.269967
218,207,信夫山,しのぶやま,275,測定点,福島県,37.770714,140.46159
219,208-1,西吾妻山,にしあづまやま,2035,標高点,福島県 山形県,37.73814,140.1408
220,208-2,西吾妻山＜西大巓＞,にしあづまやま＜にしだいてん＞,1982,標高点,山形県 福島県,37.733973,140.12769
221,208-3,西吾妻山＜東大巓＞,にしあづまやま＜ひがしだいてん＞,1928,三角点,福島県 山形県,37.754466,140.188764
222,209-1,東吾妻山,ひがしあづまやま,1975,三角点,福島県,37.711673,140.230302
223,209-2,東吾妻山＜一切経山＞,ひがしあづまやま＜いっさいきょうざん＞,1949,三角点,福島県,37.735364,140.244343
224,209-3,東吾妻山＜吾妻小富士＞,ひがしあづまやま＜あづまこふじ＞,1707,標高点,福島県,37.722134,140.263596
225,210,箕輪山,みのわやま,1728,標高点,福島県,37.647091,140.280908
226,211-1,安達太良山＜鉄山＞,あだたらやま＜てつざん＞,1709,測定点,福島県,37.633051,140.283175
227,211-2,安達太良山,あだたらやま,1700,三角点,福島県,37.621123,140.287891
228,212,磐梯山,ばんだいさん,1816,三角点,福島県,37.600975,140.072248
229,213,高館山,たかだてやま,273,三角点,山形県,38.762963,139.747502
230,214,金峯山,きんぼうざん,471,標高点,山形県,38.682144,139.798184
231,215,羽黒山,はぐろさん,414,標高点,山形県,38.702594,139.982693
232,216,月山,がっさん,1984,標高点,山形県,38.549136,140.026971
233,217,葉山,はやま,1462,三角点,山形県,38.529262,140.210522
234,218,温海岳,あつみだけ,735,三角点,山形県,38.62013,139.630738
235,219,摩耶山,まやさん,1020,三角点,山形県,38.520194,139.727851
236,220,以東岳,いとうだけ,1772,三角点,山形県 新潟県,38.342954,139.849062
237,221,朝日岳＜大朝日岳＞,あさひだけ＜おおあさひだけ＞,1870,三角点,山形県,38.260533,139.922321
238,222,祝瓶山,いわいがめやま,1417,三角点,山形県,38.19761,139.879609
239,223,鷲ヶ巣山,わしがすやま,1093,三角点,新潟県,38.221927,139.668993
240,224,新保岳,しんぼだけ,852,三角点,新潟県,38.361136,139.510815
241,225,白鷹山,しらたかやま,994,標高点,山形県,38.222663,140.173121
242,226,?差岳,えぶりさしだけ,1636,三角点,新潟県,37.942611,139.608833
243,227,北股岳,きたまただけ,2025,三角点,新潟県 山形県,37.879955,139.638576
244,228,飯豊山,いいでさん,2105,三角点,福島県,37.854831,139.70711
245,229,大日岳,だいにちだけ,2128,標高点,新潟県,37.833203,139.660672
246,230,二王子岳,にのうじだけ,1420,三角点,新潟県,37.899648,139.499151
247,231,五頭山,ごずさん,912,三角点,新潟県,37.800974,139.345673
248,232,高陽山,こうようさん,1126,三角点,福島県 新潟県,37.729076,139.649601
249,233,飯森山,いいもりやま,1595,三角点,山形県 福島県,37.813858,139.9256
250,234,霊山,りょうぜん,825,標高点,福島県,37.768747,140.687197
251,235,日山（天王山）,ひやま（てんのうざん）,1057,標高点,福島県,37.542852,140.683566
252,236,鎌倉岳,かまくらだけ,967,三角点,福島県,37.467024,140.68891
253,237,大滝根山,おおたきねやま,1192,三角点,福島県,37.354899,140.701664
254,238,屹兎屋山,きっとやさん,875,三角点,福島県,37.210624,140.867466
255,239,蓬田岳,よもぎだだけ,952,三角点,福島県,37.265799,140.534758
256,240,三大明神山,さんだいみょうじんやま,706,標高点,福島県,37.052097,140.762644
257,241,竪破山,たつわれさん,658,三角点,茨城県,36.710793,140.562278
258,242,男体山,なんたいさん,654,三角点,茨城県,36.724207,140.419684
259,243,高鈴山,たかすずやま,623,三角点,茨城県,36.62098,140.58784
260,244,八溝山,やみぞさん,1022,三角点,茨城県 福島県,36.930151,140.272988
261,245,吾国山,わがくにさん,518,三角点,茨城県,36.321865,140.201101
262,246,加波山,かばさん,709,三角点,茨城県,36.298811,140.143659
263,247,筑波山,つくばさん,877,測定点,茨城県,36.225359,140.106942
264,248,三本槍岳,さんぼんやりだけ,1917,三角点,福島県 栃木県,37.150142,139.961414
265,249,那須岳＜茶臼岳＞,なすだけ＜ちゃうすだけ＞,1915,標高点,栃木県,37.124861,139.963135
266,250,男鹿岳,おがたけ,1777,三角点,福島県 栃木県,37.085312,139.822082
267,251,大佐飛山,おおさびやま,1908,三角点,栃木県,37.063484,139.844451
268,252,高原山＜釈迦ヶ岳＞,たかはらやま＜しゃかがだけ＞,1795,三角点,栃木県,36.899965,139.776761
269,253-1,女峰山,にょほうさん,2483,標高点,栃木県,36.811457,139.536492
270,253-2,女峰山＜大真名子山＞,にょほうさん＜おおまなごさん＞,2375,三角点,栃木県,36.795257,139.507101
271,253-3,女峰山＜小真名子山＞,にょほうさん＜こまなごさん＞,2323,三角点,栃木県,36.807263,139.510865
272,254,太郎山,たろうさん,2368,三角点,栃木県,36.817874,139.48278
273,255,男体山,なんたいさん,2486,測定点,栃木県,36.764951,139.490684
274,256,白根山,しらねさん,2578,標高点,群馬県 栃木県,36.798602,139.375921
275,257,皇海山,すかいさん,2144,三角点,栃木県 群馬県,36.689863,139.336965
276,258,庚申山,こうしんざん,1892,標高点,栃木県,36.673091,139.36128
277,259,袈裟丸山,けさまるやま,1961,標高点,栃木県 群馬県,36.649389,139.327503
278,260,横根山,よこねやま,1373,三角点,栃木県,36.619807,139.522277
279,261-1,赤城山＜黒檜山＞,あかぎさん＜くろびさん＞,1828,三角点,群馬県,36.560367,139.19327
280,261-2,赤城山＜地蔵岳＞,あかぎさん＜じぞうだけ＞,1674,三角点,群馬県,36.540999,139.177351
281,262,博士山,はかせやま,1482,三角点,福島県,37.363165,139.714751
282,263,小野岳,おのだけ,1383,三角点,福島県,37.325919,139.886589
283,264,七ヶ岳,ななつがだけ,1636,三角点,福島県,37.124279,139.657482
284,265,荒海山（太郎岳）,あらかいやま（たろうだけ）,1581,標高点,福島県 栃木県,37.036071,139.643769
285,266,田代山,たしろやま,1971,標高点,福島県,36.974394,139.47855
286,267,帝釈山,たいしゃくさん,2060,三角点,福島県 栃木県,36.969811,139.459994
287,268,黒岩山,くろいわやま,2163,三角点,栃木県 群馬県,36.908751,139.393636
288,269,鬼怒沼山,きぬぬまやま,2141,三角点,栃木県 群馬県,36.882676,139.371703
289,270,会津朝日岳,あいづあさひだけ,1624,三角点,福島県,37.221148,139.339661
290,271,丸山岳,まるやまだけ,1820,三角点,福島県,37.172743,139.334858
291,272,駒ヶ岳,こまがたけ,2133,測定点,福島県,37.047574,139.353543
292,273,平ヶ岳,ひらがたけ,2141,標高点,群馬県 新潟県,37.002089,139.170919
293,274,景鶴山,けいづるやま,2004,標高点,群馬県 新潟県,36.956884,139.210582
294,275,燧ヶ岳＜柴安嵓＞,ひうちがたけ＜しばやすぐら＞,2356,測定点,福島県,36.955102,139.285334
295,276,至仏山,しぶつさん,2228,三角点,群馬県,36.903474,139.173248
296,277,武尊山,ほたかやま,2158,三角点,群馬県,36.805189,139.132601
297,278,御神楽岳,みかぐらだけ,1386,三角点,新潟県,37.521877,139.425864
298,279,粟ヶ岳,あわがたけ,1292,三角点,新潟県,37.555199,139.188723
299,280,矢筈岳,やはずだけ,1257,三角点,新潟県,37.512363,139.266065
300,281,守門岳,すもんだけ,1537,三角点,新潟県,37.397687,139.136567
301,282,浅草岳,あさくさだけ,1585,三角点,新潟県 福島県,37.343588,139.233574
302,283,毛猛山,けもうやま,1517,三角点,福島県 新潟県,37.256704,139.175144
303,284,未丈ヶ岳,みじょうがたけ,1553,三角点,新潟県,37.183319,139.189485
304,285,駒ヶ岳,こまがたけ,2003,三角点,新潟県,37.12362,139.075249
305,286,八海山＜入道岳＞,はっかいさん＜にゅうどうだけ＞,1778,標高点,新潟県,37.103952,139.023999
306,287,中ノ岳,なかのたけ,2085,三角点,新潟県,37.085261,139.077584
307,288,荒沢岳,あらさわだけ,1968,三角点,新潟県,37.100451,139.148187
308,289,下津川山,しもつごうやま,1928,三角点,新潟県 群馬県,36.994781,139.050047
309,290,巻機山,まきはたやま,1967,標高点,群馬県 新潟県,36.978551,138.964448
310,291,大源太山,だいげんたさん,1598,標高点,新潟県,36.902626,138.927132
311,292-1,朝日岳,あさひだけ,1945,三角点,群馬県,36.880662,138.972624
312,292-2,朝日岳＜白毛門＞,あさひだけ＜しらがもん＞,1720,標高点,群馬県,36.859586,138.967356
313,293-1,谷川岳＜茂倉岳＞,たにがわだけ＜しげくらだけ＞,1978,標高点,群馬県 新潟県,36.849166,138.916666
314,293-2,谷川岳＜一ノ倉岳＞,たにがわだけ＜いちのくらだけ＞,1974,三角点,群馬県 新潟県,36.847111,138.924363
315,293-3,谷川岳＜オキノ耳＞,たにがわだけ＜おきのみみ＞,1977,標高点,群馬県 新潟県,36.837115,138.930157
316,294,万太郎山,まんたろうさん,1954,三角点,群馬県 新潟県,36.824152,138.879218
317,295,仙ノ倉山,せんのくらやま,2026,三角点,群馬県 新潟県,36.817468,138.839518
318,296,吾妻耶山,あづまやさん,1341,標高点,群馬県,36.746448,138.927349
319,297,苗場山,なえばさん,2145,三角点,新潟県 長野県,36.845937,138.69032
320,298,佐武流山,さぶりゅうやま,2192,三角点,新潟県 長野県,36.772288,138.670573
321,299,白砂山,しらすなやま,2140,三角点,群馬県 長野県,36.738071,138.693474
322,300,鳥甲山,とりかぶとやま,2038,三角点,長野県,36.839173,138.583986
323,301,高社山（高井富士）,こうしゃさん（たかいふじ）,1351,三角点,長野県,36.799269,138.403813
324,302-1,岩菅山＜裏岩菅山＞,いわすげやま＜うらいわすごやま＞,2341,標高点,長野県,36.752898,138.567803
325,302-2,岩菅山,いわすげやま,2295,三角点,長野県,36.742041,138.559524
326,303,志賀山,しがやま,2037,標高点,長野県,36.700227,138.515575
327,304,笠ヶ岳,かさがだけ,2076,三角点,長野県,36.676633,138.481478
328,305,横手山,よこてやま,2307,標高点,群馬県 長野県,36.668919,138.525913
329,306,白根山,しらねさん,2160,標高点,群馬県,36.643948,138.527727
330,307,本白根山,もとしらねさん,2171,標高点,群馬県,36.622923,138.531722
331,308-1,四阿山,あずまやさん,2354,標高点,長野県 群馬県,36.541764,138.412969
332,308-2,四阿山＜根子岳＞,あずまやさん＜ねこだけ＞,2207,標高点,長野県,36.549117,138.395272
333,309,湯ノ丸山,ゆのまるやま,2101,標高点,長野県 群馬県,36.434743,138.400961
334,310,東篭ノ登山,ひがしかごのとやま,2228,三角点,長野県 群馬県,36.419305,138.447168
335,311,浅間山,あさまやま,2568,標高点,群馬県 長野県,36.406526,138.522963
336,312,浅間隠山,あさまかくしやま,1757,三角点,群馬県,36.453704,138.652493
337,313,鼻曲山,はなまがりやま,1655,標高点,群馬県,36.410874,138.645322
338,314,榛名山＜掃部ヶ岳＞,はるなさん＜かもんがたけ＞,1449,標高点,群馬県,36.477402,138.850889
339,315,子持山,こもちやま,1296,三角点,群馬県,36.591957,138.997692
340,316,妙義山＜相馬岳＞,みょうぎさん＜そうまだけ＞,1104,三角点,群馬県,36.298645,138.748852
341,317,荒船山,あらふねやま,1423,三角点,群馬県 長野県,36.203993,138.637127
342,318,赤久縄山,あかぐなやま,1523,三角点,群馬県,36.143656,138.843288
343,319,西御荷鉾山,にしみかぼやま,1286,三角点,群馬県,36.152254,138.918307
344,320,二子山,ふたごやま,1166,三角点,埼玉県,36.069643,138.863701
345,321,両神山,りょうかみさん,1723,三角点,埼玉県,36.0234,138.841317
346,322,御座山,おぐらさん,2112,標高点,長野県,36.034105,138.606775
347,323,三宝山,さんぽうさん,2483,三角点,埼玉県 長野県,35.917623,138.727832
348,324,甲武信ヶ岳,こぶしがたけ,2475,標高点,埼玉県 山梨県 長野県,35.909115,138.728908
349,325,横尾山,よこおやま,1818,三角点,山梨県 長野県,35.918768,138.521142
350,326,瑞牆山,みずがきやま,2230,標高点,山梨県,35.893455,138.592088
351,327,金峰山,きんぷさん,2599,測定点,山梨県 長野県,35.871661,138.62553
352,328,朝日岳,あさひだけ,2579,標高点,山梨県 長野県,35.874632,138.642398
353,329,国師ヶ岳,こくしがたけ,2592,三角点,山梨県 長野県,35.870835,138.672966
354,330,北奥千丈岳,きたおくせんじょうだけ,2601,標高点,山梨県,35.868604,138.670754
355,331,乾徳山,けんとくさん,2031,標高点,山梨県,35.822776,138.714898
356,332,小楢山,こならやま,1713,三角点,山梨県,35.781533,138.664198
357,333,茅ヶ岳,かやがたけ,1704,三角点,山梨県,35.795014,138.513772
358,334,堂平山,どうだいらさん,876,三角点,埼玉県,36.005752,139.190071
359,335,武甲山,ぶこうざん,1304,測定点,埼玉県,35.951624,139.097796
360,336,伊豆ヶ岳,いずがたけ,851,三角点,埼玉県,35.926873,139.160641
361,337,川乗山,かわのりやま,1363,三角点,東京都,35.850801,139.106883
362,338,酉谷山（天目山）,とりだにやま（てんもくさん）,1718,三角点,埼玉県 東京都,35.897096,139.010309
363,339,雲取山,くもとりやま,2017,三角点,埼玉県 東京都,35.855508,138.943913
364,340,白石山,はくせきさん,2036,三角点,埼玉県,35.899407,138.878015
365,341,唐松尾山,からまつおやま,2109,三角点,埼玉県 山梨県,35.867685,138.845407
366,342,大洞山（飛龍山）,おおぼらやま（ひりゅうやま）,2077,標高点,埼玉県 山梨県,35.839787,138.892214
367,343,鶏冠山（黒川山）,けいかんやま（くろかわやま）,1716,標高点,山梨県,35.788483,138.835644
368,344,大菩薩嶺,だいぼさつれい,2057,三角点,山梨県,35.748762,138.845506
369,345,小金沢山,こがねざわやま,2014,三角点,山梨県,35.716946,138.856623
370,346,雁ケ腹摺山,がんがはらすりやま,1874,標高点,山梨県,35.686789,138.884831
371,347-1,権現山,ごんげんやま,1312,三角点,山梨県,35.667872,139.021435
372,347-2,権現山＜扇山＞,ごんげんやま＜おうぎやま＞,1138,標高点,山梨県,35.63708,139.013417
373,348,三頭山,みとうさん,1531,標高点,東京都,35.738944,139.013762
374,349,大岳山,おおだけさん,1266,三角点,東京都,35.76522,139.130419
375,350,陣馬山（陣場山）,じんばさん（じんばさん）,855,標高点,東京都 神奈川県,35.652177,139.166546
376,351,高尾山,たかおさん,599,三角点,東京都,35.625166,139.243611
377,352,清澄山＜妙見山＞,きよすみやま＜みょうけんやま＞,377,標高点,千葉県,35.162267,140.152313
378,353,鹿野山,かのうざん,379,標高点,千葉県,35.2556,139.971855
379,354,鋸山,のこぎりやま,329,三角点,千葉県,35.160369,139.840864
380,355,富山,とみさん,349,三角点,千葉県,35.09885,139.881524
381,356,伊予ヶ岳,いよがたけ,336,三角点,千葉県,35.107302,139.913976
382,357,愛宕山,あたごやま,408,三角点,千葉県,35.11488,139.986821
383,358,大山,おおやま,193,三角点,千葉県,34.964189,139.777722
384,359,大楠山,おおぐすやま,241,三角点,神奈川県,35.250068,139.628076
385,360,大山,おおやま,1252,標高点,神奈川県,35.440835,139.231158
386,361-1,丹沢山＜蛭ヶ岳＞,たんざわさん＜ひるがたけ＞,1673,標高点,神奈川県,35.486279,139.138865
387,361-2,丹沢山,たんざわさん,1567,三角点,神奈川県,35.474293,139.16268
388,361-3,丹沢山＜塔ノ岳＞,たんざわさん＜とうのだけ＞,1491,標高点,神奈川県,35.454059,139.163313
389,362,大室山,おおむろやま,1587,三角点,神奈川県 山梨県,35.51096,139.06858
390,363,御正体山,みしょうたいやま,1681,三角点,山梨県,35.486924,138.931607
391,364,菰釣山,こもつるしやま,1379,標高点,神奈川県 山梨県,35.463695,138.978497
392,365,三ツ峠山,みつとうげやま,1785,三角点,山梨県,35.549272,138.809204
393,366-1,黒岳,くろたけ,1793,三角点,山梨県,35.552071,138.749436
394,366-2,黒岳＜釈迦ヶ岳＞,くろたけ＜しゃかがたけ＞,1641,標高点,山梨県,35.562904,138.72094
395,367,節刀ヶ岳,せっとうがたけ,1736,標高点,山梨県,35.52849,138.683427
396,368,富士山＜剣ヶ峯＞,ふじさん＜けんがみね＞,3776,測定点,山梨県 静岡県,35.360738,138.727373
397,369,愛鷹山＜越前岳＞,あしたかやま＜えちぜんだけ＞,1504,標高点,静岡県,35.238057,138.794016
398,370,毛無山,けなしやま,1964,標高点,山梨県 静岡県,35.415833,138.543888
399,371,天子ヶ岳,てんしがたけ,1330,標高点,静岡県,35.329078,138.536708
400,372-1,箱根山＜神山＞,はこねやま＜かみやま＞,1438,三角点,神奈川県,35.233404,139.020872
401,372-2,箱根山＜金時山＞,はこねやま＜きんときざん＞,1212,三角点,静岡県 神奈川県,35.289673,139.004866
402,373,玄岳,くろたけ,798,三角点,静岡県,35.08167,139.028108
403,374,大室山,おおむろやま,580,三角点,静岡県,34.903099,139.094653
404,375,天城山＜万三郎岳＞,あまぎさん＜ばんざぶろうだけ＞,1405,三角点,静岡県,34.862844,139.001803
405,376,達磨山,だるまやま,982,三角点,静岡県,34.954989,138.839287
406,377,長九郎山,ちょうくろうやま,996,三角点,静岡県,34.788372,138.867996
407,378,三原山＜三原新山＞,みはらやま＜みはらしんざん＞,758,標高点,東京都,34.724493,139.394473
408,379,宮塚山,みやつかやま,508,三角点,東京都,34.52041,139.279288
409,380,天上山,てんじょうさん,572,三角点,東京都,34.21954,139.153171
410,381,雄山,おやま,775,標高点,東京都,34.093581,139.526183
411,382,御山,おやま,851,三角点,東京都,33.874456,139.601835
412,383,西山（八丈富士）,にしやま（はちじょうふじ）,854,三角点,東京都,33.13704,139.766064
413,384,硫黄山,いおうやま,394,標高点,東京都,30.48386,140.302979
414,385,中央山,ちゅうおうざん,319,三角点,東京都,27.073342,142.218704
415,386,乳房山,ちぶさやま,462,三角点,東京都,26.659541,142.161478
416,387,榊ヶ峰,さかきがみね,792,標高点,東京都,25.427729,141.281192
417,388,摺鉢山（パイプ山）,すりばちやま（ぱいぷやま）,172,標高点,東京都,24.750385,141.28911
418,389,[南硫黄島],[みなみいおうとう],916,標高点,東京都,24.233895,141.463556
419,390,金北山,きんぽくさん,1172,三角点,新潟県,38.103882,138.349816
420,391,大地山,おおちやま,646,三角点,新潟県,37.958575,138.47971
421,392,弥彦山,やひこやま,634,標高点,新潟県,37.704721,138.809053
422,393,米山,よねやま,992,三角点,新潟県,37.28954,138.483947
423,394,黒姫山,くろひめさん,891,標高点,新潟県,37.22608,138.592154
424,395,菱ヶ岳,ひしがたけ,1129,三角点,新潟県,37.032165,138.493284
425,396,斑尾山,まだらおやま,1381,三角点,長野県,36.837396,138.274312
426,397,鉾ヶ岳,ほこがたけ,1316,三角点,新潟県,37.028665,138.026453
427,398,駒ヶ岳,こまがたけ,1498,標高点,新潟県,36.942751,137.948408
428,399,鋸岳,のこぎりだけ,1631,三角点,新潟県,36.931868,137.968928
429,400,焼山,やけやま,2400,三角点,新潟県,36.920958,138.03595
430,401,雨飾山,あまかざりやま,1963,三角点,新潟県 長野県,36.902021,137.96261
431,402,火打山,ひうちやま,2462,三角点,新潟県,36.922702,138.068122
432,403,妙高山,みょうこうさん,2454,標高点,新潟県,36.89126,138.113457
433,404,黒姫山,くろひめやま,2053,標高点,長野県,36.813474,138.127183
434,405,高妻山,たかつまやま,2353,三角点,新潟県 長野県,36.800046,138.051934
435,406,戸隠山,とがくしやま,1904,標高点,長野県,36.770389,138.05511
436,407,飯縄山（飯綱山）,いいづなやま（いいづなやま）,1917,三角点,長野県,36.739437,138.133694
437,408,虫倉山,むしくらやま,1378,標高点,長野県,36.649806,138.018948
438,409,聖山,ひじりやま,1447,三角点,長野県,36.484201,138.021415
439,410,冠着山（姨捨山）,かむりきやま（おばすてやま）,1252,三角点,長野県,36.468797,138.10666
440,411,美ヶ原＜王ヶ頭＞,うつくしがはら＜おうがとう＞,2034,三角点,長野県,36.225796,138.107445
441,412,鉢伏山,はちぶせやま,1929,三角点,長野県,36.163046,138.059154
442,413,霧ヶ峰＜車山＞,きりがみね＜くるまやま＞,1925,三角点,長野県,36.102894,138.196669
443,414,蓼科山,たてしなやま,2531,三角点,長野県,36.103729,138.295071
444,415,横岳,よこだけ,2480,標高点,長野県,36.08744,138.320056
445,416,縞枯山,しまがれやま,2403,標高点,長野県,36.075319,138.331549
446,417,天狗岳,てんぐだけ,2646,三角点,長野県,36.019171,138.355453
447,418,峰の松目,みねのまつめ,2568,三角点,長野県,35.99686,138.350526
448,419,硫黄岳,いおうだけ,2760,標高点,長野県,35.998776,138.369968
449,420,横岳,よこだけ,2830,測定点,長野県,35.985965,138.372841
450,421,赤岳,あかだけ,2899,三角点,長野県 山梨県,35.970797,138.370067
451,422,阿弥陀岳,あみだだけ,2805,標高点,長野県,35.972453,138.358797
452,423-1,権現岳,ごんげんだけ,2715,標高点,山梨県,35.949802,138.359742
453,423-2,権現岳＜西岳＞,ごんげんだけ＜にしだけ＞,2398,標高点,長野県,35.950099,138.335031
454,423-3,権現岳＜三ッ頭＞,ごんげんだけ＜みつがしら＞,2580,標高点,山梨県,35.942263,138.363961
455,424,編笠山,あみがさやま,2524,三角点,山梨県 長野県,35.941696,138.345057
456,425,黒姫山,くろひめやま,1221,三角点,新潟県,36.976628,137.790069
457,426,明星山,みょうじょうさん,1188,三角点,新潟県,36.940895,137.821852
458,427,犬ヶ岳,いぬがたけ,1592,三角点,新潟県 富山県,36.906887,137.715599
459,428,朝日岳,あさひだけ,2418,三角点,新潟県 富山県,36.826738,137.729884
460,429,雪倉岳,ゆきくらだけ,2611,三角点,新潟県 富山県,36.794644,137.754036
461,430,鉢ヶ岳,はちがだけ,2563,標高点,新潟県 富山県,36.780197,137.749502
462,431,小蓮華山,これんげさん,2766,測定点,新潟県 長野県,36.773521,137.77597
463,432,乗鞍岳,のりくらだけ,2469,標高点,新潟県 長野県,36.788274,137.799157
464,433,風吹岳,かざふきだけ,1888,標高点,長野県,36.814216,137.839021
465,434,白馬岳,しろうまだけ,2932,三角点,富山県 長野県,36.75851,137.758555
466,435,旭岳,あさひだけ,2867,標高点,富山県,36.757603,137.745854
467,436,清水岳,しょうずだけ,2603,標高点,富山県,36.764724,137.718944
468,437,杓子岳,しゃくしだけ,2812,標高点,富山県 長野県,36.740596,137.759288
469,438,鑓ヶ岳,やりがたけ,2903,三角点,富山県 長野県,36.731353,137.755357
470,439,唐松岳,からまつだけ,2696,三角点,富山県 長野県,36.687234,137.754685
471,440,五龍岳,ごりゅうだけ,2814,標高点,富山県,36.658407,137.752691
472,441,鹿島槍ヶ岳,かしまやりがたけ,2889,三角点,富山県 長野県,36.624553,137.747058
473,442,爺ヶ岳,じいがたけ,2670,三角点,富山県 長野県,36.588301,137.750922
474,443,岩小屋沢岳,いわこやざわだけ,2630,三角点,富山県 長野県,36.577009,137.713385
475,444,鳴沢岳,なるさわだけ,2641,標高点,富山県 長野県,36.568794,137.695448
476,445,赤沢岳,あかざわだけ,2678,三角点,富山県 長野県,36.561954,137.687554
477,446,スバリ岳,すばりだけ,2752,標高点,富山県 長野県,36.544364,137.684855
478,447,針ノ木岳,はりのきだけ,2821,三角点,富山県 長野県,36.538077,137.684427
479,448,蓮華岳,れんげだけ,2799,三角点,富山県 長野県,36.535747,137.710543
480,449,北葛岳,きたくずだけ,2551,標高点,富山県 長野県,36.51766,137.705546
481,450,不動岳,ふどうだけ,2601,標高点,富山県 長野県,36.495459,137.667455
482,451,南沢岳,みなみさわだけ,2625,三角点,富山県 長野県,36.489886,137.653133
483,452,烏帽子岳,えぼしだけ,2628,標高点,富山県 長野県,36.47951,137.650918
484,453,三ッ岳,みつだけ,2845,三角点,富山県 長野県,36.454773,137.649436
485,454,野口五郎岳,のぐちごろうだけ,2924,三角点,富山県 長野県,36.432683,137.637903
486,455,南真砂岳,みなみまさごだけ,2713,標高点,長野県,36.413473,137.641746
487,456,赤牛岳,あかうしだけ,2864,三角点,富山県,36.46159,137.603289
488,457,水晶岳（黒岳）,すいしょうだけ（くろだけ）,2986,標高点,富山県,36.426363,137.602779
489,458,祖父岳,じいだけ,2825,標高点,富山県,36.411172,137.591183
490,459,鷲羽岳,わしばだけ,2924,三角点,富山県 長野県,36.402996,137.60525
491,460,三俣蓮華岳,みつまたれんげだけ,2841,三角点,富山県 岐阜県 長野県,36.389989,137.587734
492,461,僧ヶ岳,そうがだけ,1855,三角点,富山県,36.76172,137.563713
493,462,毛勝山,けかつやま,2414,三角点,富山県,36.701111,137.590844
494,463,猫又山,ねこまたやま,2378,三角点,富山県,36.681223,137.590383
495,464,池平山,いけのだいらやま,2561,標高点,富山県,36.641447,137.625404
496,465,剱岳,つるぎだけ,2999,測定点,富山県,36.623248,137.616878
497,466,別山,べっさん,2880,標高点,富山県,36.597537,137.620403
498,467,剱御前,つるぎごぜん,2777,三角点,富山県,36.602429,137.608842
499,468,奥大日岳,おくだいにちだけ,2611,標高点,富山県,36.598373,137.580978
500,469,大日岳,だいにちだけ,2501,標高点,富山県,36.599456,137.549885
501,470,真砂岳,まさごだけ,2861,標高点,富山県,36.586688,137.619969
502,471,立山＜大汝山＞,たてやま＜おおなんじやま＞,3015,標高点,富山県,36.575959,137.619808
503,472,国見岳,くにみだけ,2621,三角点,富山県,36.571238,137.589759
504,473-1,龍王岳,りゅうおうだけ,2872,標高点,富山県,36.564724,137.60719
505,473-2,龍王岳＜浄土山＞,りゅうおうだけ＜じょうどさん＞,2831,標高点,富山県,36.568474,137.603709
506,474,鷲岳,わしだけ,2617,標高点,富山県,36.54185,137.587149
507,475,鳶山,とんびやま,2616,標高点,富山県,36.534249,137.58602
508,476,越中沢岳,えっちゅうざわだけ,2592,三角点,富山県,36.515037,137.583009
509,477,鍬崎山,くわさきやま,2090,三角点,富山県,36.539915,137.478028
510,478,薬師岳,やくしだけ,2926,三角点,富山県,36.468841,137.5448
511,479,北ノ俣岳（上ノ岳）,きたのまただけ（かみのだけ）,2662,標高点,富山県 岐阜県,36.421042,137.512379
512,480,黒部五郎岳（中ノ俣岳）,くろべごろうだけ（なかのまただけ）,2840,三角点,富山県 岐阜県,36.39255,137.539948
513,481,双六岳,すごろくだけ,2860,三角点,長野県 岐阜県,36.371857,137.587134
514,482,樅沢岳,もみさわだけ,2755,標高点,長野県 岐阜県,36.366573,137.607869
515,483,弓折岳,ゆみおりだけ,2592,標高点,岐阜県,36.349536,137.596538
516,484,抜戸岳,ぬけどだけ,2813,三角点,岐阜県,36.327665,137.575135
517,485,笠ヶ岳,かさがたけ,2897,三角点,岐阜県,36.315477,137.550401
518,486,錫杖岳,しゃくじょうだけ,2168,標高点,岐阜県,36.281944,137.547222
519,487,硫黄岳,いおうだけ,2554,三角点,長野県,36.380614,137.650609
520,488,唐沢岳,からさわだけ,2632,三角点,長野県,36.461169,137.716737
521,489,餓鬼岳,がきだけ,2647,三角点,長野県,36.447226,137.736029
522,490,燕岳,つばくろだけ,2763,三角点,長野県,36.406817,137.712756
523,491,有明山,ありあけやま,2268,三角点,長野県,36.391087,137.770678
524,492,大天井岳,だいてんじょうだけ,2922,三角点,長野県,36.364989,137.701124
525,493,東天井岳,ひがしてんじょうだけ,2814,標高点,長野県,36.353409,137.715563
526,494,横通岳,よことおしだけ,2767,三角点,長野県,36.34261,137.726983
527,495,常念岳,じょうねんだけ,2857,標高点,長野県,36.325524,137.727592
528,496,蝶ヶ岳,ちょうがたけ,2677,標高点,長野県,36.287421,137.726084
529,497,大滝山,おおたきやま,2616,標高点,長野県,36.274092,137.743253
530,498,赤岩岳,あかいわだけ,2769,三角点,長野県,36.343339,137.68405
531,499,西岳,にしだけ,2758,標高点,長野県,36.337249,137.679658
532,500,赤沢山,あかさわやま,2670,三角点,長野県,36.329192,137.679755
533,501,槍ヶ岳,やりがたけ,3180,標高点,長野県,36.342024,137.647643
534,502,大喰岳,おおばみだけ,3101,標高点,長野県 岐阜県,36.335859,137.646054
535,503,中岳,なかだけ,3084,標高点,長野県 岐阜県,36.329819,137.646699
536,504,南岳,みなみだけ,3033,三角点,長野県 岐阜県,36.319012,137.650732
537,505,北穂高岳,きたほたかだけ,3106,標高点,長野県 岐阜県,36.30254,137.652029
538,506,涸沢岳,からさわだけ,3110,標高点,長野県 岐阜県,36.295845,137.64713
539,507,奥穂高岳,おくほたかだけ,3190,標高点,長野県 岐阜県,36.289226,137.647988
540,508,前穂高岳,まえほたかだけ,3090,三角点,長野県,36.281979,137.660574
541,509,西穂高岳,にしほたかだけ,2909,三角点,長野県 岐阜県,36.278994,137.629062
542,510,焼岳,やけだけ,2455,三角点,長野県 岐阜県,36.226864,137.587067
543,511,霞沢岳,かすみざわだけ,2646,三角点,長野県,36.221205,137.640601
544,512,十石山,じゅっこくやま,2525,三角点,長野県 岐阜県,36.163593,137.59053
545,513,輝山,てらしやま,2063,三角点,岐阜県,36.194134,137.522112
546,514,乗鞍岳＜剣ヶ峰＞,のりくらだけ＜けんがみね＞,3026,三角点,岐阜県 長野県,36.106487,137.553634
547,515,鎌ヶ峰,かまがみね,2121,三角点,長野県 岐阜県,36.026598,137.599091
548,516,鉢盛山,はちもりやま,2447,三角点,長野県,36.086649,137.754849
549,517,御嶽山＜剣ヶ峰＞,おんたけさん＜けんがみね＞,3067,測定点,長野県,35.893014,137.480439
550,518,小秀山,こひでやま,1982,三角点,長野県 岐阜県,35.785438,137.397006
551,519,奥三界岳,おくさんがいだけ,1811,三角点,岐阜県 長野県,35.681606,137.507219
552,520,尾城山,おしろやま,1133,三角点,岐阜県,35.695967,137.34377
553,521,二ッ森山,ふたつもりやま,1223,三角点,岐阜県,35.571896,137.400381
554,522,経ヶ岳,きょうがたけ,2296,三角点,長野県,35.912816,137.862633
555,523,大棚入山,おおだないりやま,2375,三角点,長野県,35.848077,137.810099
556,524-1,将棊頭山,しょうぎがしらやま,2730,標高点,長野県,35.803393,137.827058
557,524-2,将棊頭山＜茶臼山＞,しょうぎがしらやま＜ちゃうすやま＞,2658,標高点,長野県,35.81492,137.821546
558,525-1,駒ヶ岳,こまがたけ,2956,三角点,長野県,35.78955,137.804574
559,525-2,駒ヶ岳＜宝剣岳＞,こまがたけ＜ほうけんだけ＞,2931,標高点,長野県,35.781411,137.809181
560,525-3,駒ヶ岳＜麦草岳＞,こまがたけ＜むぎくさだけ＞,2733,標高点,長野県,35.796716,137.786056
561,526,三沢岳,さんのさわだけ,2847,三角点,長野県,35.766737,137.794028
562,527,檜尾岳,ひのきおだけ,2728,三角点,長野県,35.751982,137.813288
563,528,熊沢岳,くまざわだけ,2778,標高点,長野県,35.73933,137.803313
564,529,東川岳,ひがしかわだけ,2671,標高点,長野県,35.725542,137.805523
565,530,空木岳,うつぎだけ,2864,三角点,長野県,35.718979,137.817092
566,531-1,南駒ヶ岳,みなみこまがたけ,2841,標高点,長野県,35.701424,137.810742
567,531-2,南駒ヶ岳＜赤梛岳＞,みなみこまがたけ＜あかなぎだけ＞,2798,標高点,長野県,35.706333,137.815423
568,532,仙涯嶺,せんがいれい,2734,標高点,長野県,35.692319,137.813596
569,533,越百山,こすもやま,2614,三角点,長野県,35.679414,137.803255
570,534,安平路山,あんぺいじやま,2363,三角点,長野県,35.630424,137.774372
571,535,摺古木山,すりこぎやま,2169,三角点,長野県,35.612898,137.737595
572,536,南木曽岳,なぎそだけ,1679,標高点,長野県,35.592555,137.644409
573,537,風越山（権現山）,ふうえつざん（ごんげんやま）,1535,三角点,長野県,35.549474,137.78381
574,538,恵那山,えなさん,2191,標高点,長野県 岐阜県,35.443044,137.597891
575,539,守屋山,もりやさん,1651,三角点,長野県,35.967516,138.093406
576,540,入笠山,にゅうかさやま,1955,三角点,長野県,35.896323,138.171603
577,541,鋸岳,のこぎりだけ,2685,標高点,山梨県 長野県,35.779,138.210073
578,542,駒ヶ岳,こまがたけ,2967,標高点,山梨県 長野県,35.758009,138.236688
579,543,駒津峰,こまつみね,2752,標高点,山梨県 長野県,35.75468,138.230836
580,544,双児山,ふたごやま,2649,標高点,山梨県 長野県,35.750668,138.221499
581,545-1,アサヨ峰,あさよみね,2799,三角点,山梨県,35.731697,138.241327
582,545-2,アサヨ峰＜栗沢山＞,あさよみね＜くりさわやま＞,2714,標高点,山梨県,35.737895,138.23423
583,546,高嶺,たかね,2779,三角点,山梨県,35.709766,138.287708
584,547,地蔵ヶ岳,じぞうがたけ,2764,標高点,山梨県,35.71202,138.298738
585,548,観音ヶ岳,かんのんがだけ,2841,三角点,山梨県,35.70173,138.304594
586,549,薬師ヶ岳,やくしがだけ,2780,標高点,山梨県,35.695922,138.311643
587,550,辻山,つじやま,2585,三角点,山梨県,35.676284,138.321986
588,551,櫛形山,くしがたやま,2052,三角点,山梨県 長野県,35.586693,138.369208
589,552,仙丈ヶ岳,せんじょうがたけ,3033,三角点,山梨県 長野県,35.720069,138.183581
590,553,伊那荒倉岳,いなあらくらだけ,2519,標高点,山梨県 長野県,35.689141,138.193859
591,554,小太郎山,こたろうやま,2725,三角点,山梨県,35.700818,138.239996
592,555,北岳,きただけ,3193,測定点,山梨県,35.674314,138.238828
593,556,間ノ岳,あいのたけ,3190,三角点,山梨県 静岡県,35.646012,138.228324
594,557-1,農鳥岳＜西農鳥岳＞,のうとりだけ＜にしのうとりだけ＞,3051,標高点,山梨県 静岡県,35.624763,138.230322
595,557-2,農鳥岳,のうとりだけ,3026,三角点,山梨県 静岡県,35.621151,138.236857
596,558,大唐松山,おおからまつやま,2561,標高点,山梨県,35.621582,138.269444
597,559,広河内岳,ひろごうちだけ,2895,標高点,山梨県 静岡県,35.606013,138.235839
598,560,大籠岳,おおこもりだけ,2767,三角点,山梨県 静岡県,35.593077,138.243406
599,561,笹山,ささやま,2733,標高点,山梨県 静岡県,35.571069,138.243995
600,562,黒檜山,くろべいやま,2541,三角点,長野県,35.644563,138.186112
601,563,安倍荒倉岳,あべあらくらだけ,2693,三角点,長野県 静岡県,35.623059,138.202969
602,564,新蛇抜山,しんじゃぬけやま,2667,標高点,長野県 静岡県,35.607158,138.205353
603,565,北荒川岳,きたあらかわだけ,2698,三角点,長野県,35.594694,138.194535
604,566,塩見岳,しおみだけ,3052,標高点,長野県 静岡県,35.573139,138.183636
605,567,蝙蝠岳,こうもりだけ,2865,三角点,静岡県,35.556928,138.207315
606,568,徳右衛門岳,とくえもんだけ,2599,三角点,静岡県,35.539425,138.226457
607,569,本谷山,ほんたにやま,2658,三角点,長野県 静岡県,35.570922,138.151673
608,570,戸倉山（伊那富士）,とくらやま（いなふじ）,1681,三角点,長野県,35.745036,138.051972
609,571,烏帽子岳,えぼしだけ,2726,標高点,長野県 静岡県,35.553537,138.153424
610,572,小河内岳,こごうちだけ,2802,三角点,長野県 静岡県,35.537741,138.153049
611,573,小日影山,こひかげやま,2506,三角点,長野県,35.525151,138.126357
612,574,大日影山,おおひかげやま,2573,標高点,長野県 静岡県,35.522162,138.138316
613,575,板屋岳,いたやだけ,2646,標高点,長野県 静岡県,35.517883,138.146078
614,576,東岳（悪沢岳）,ひがしだけ（わるさわだけ）,3141,標高点,静岡県,35.500735,138.182477
615,577-1,荒川岳＜中岳＞,あらかわだけ＜なかだけ＞,3084,三角点,静岡県,35.496573,138.167067
616,577-2,荒川岳＜前岳＞,あらかわだけ＜まえだけ＞,3068,標高点,長野県 静岡県,35.494059,138.164102
617,578,赤石岳,あかいしだけ,3121,三角点,長野県 静岡県,35.461206,138.15736
618,579,奥茶臼山,おくちゃうすやま,2474,三角点,長野県,35.484968,138.069075
619,580,鬼面山,きめんざん,1890,三角点,長野県,35.492011,137.990161
620,581,大沢岳,おおさわだけ,2820,三角点,長野県 静岡県,35.448905,138.120176
621,582,中盛丸山,なかもりまるやま,2807,標高点,長野県 静岡県,35.442813,138.12202
622,583,兎岳,うさぎだけ,2818,標高点,長野県 静岡県,35.428589,138.121216
623,584,聖岳＜前聖岳＞,ひじりだけ＜まえひじりだけ＞,3013,標高点,長野県 静岡県,35.42254,138.139629
624,585,上河内岳,かみこうちだけ,2803,三角点,静岡県,35.389619,138.152812
625,586,茶臼岳,ちゃうすだけ,2604,標高点,長野県 静岡県,35.369166,138.140555
626,587,仁田岳,にっただけ,2524,三角点,静岡県,35.36073,138.127095
627,588,光岳,てかりだけ,2592,三角点,静岡県 長野県,35.338176,138.083779
628,589,池口岳,いけぐちだけ,2392,標高点,長野県 静岡県,35.330208,138.038327
629,590,白倉山,しらくらやま,1851,標高点,長野県 静岡県,35.301704,137.9921
630,591,熊伏山,くまぶしやま,1654,三角点,長野県,35.263241,137.894893
631,592,大無間山,だいむけんざん,2330,三角点,静岡県,35.255979,138.161548
632,593,不動岳,ふどうがたけ,2172,三角点,静岡県,35.235462,138.041108
633,594,黒法師岳,くろぼうしだけ,2068,三角点,静岡県,35.196168,138.029391
634,595,蕎麦粒山,そばつぶやま,1627,三角点,静岡県,35.126094,138.035381
635,596,高塚山,たかつかやま,1621,三角点,静岡県,35.115464,138.003663
636,597,京丸山,きょうまるやま,1469,三角点,静岡県,35.096002,137.965929
637,598,秋葉山,あきはさん,885,標高点,静岡県,34.981773,137.866006
638,599,八高山,はっこうさん,832,三角点,静岡県,34.907436,138.056682
639,600,笊ヶ岳,ざるがたけ,2629,三角点,山梨県 静岡県,35.424158,138.25949
640,601,布引山,ぬのびきやま,2584,三角点,山梨県 静岡県,35.408473,138.25823
641,602,青薙山,あおなぎやま,2406,三角点,静岡県,35.369769,138.228743
642,603,身延山,みのぶさん,1153,標高点,山梨県,35.397436,138.416295
643,604,七面山,しちめんざん,1989,標高点,山梨県,35.369212,138.348906
644,605,山伏,やんぶし,2013,三角点,山梨県 静岡県,35.304335,138.285269
645,606,十枚山,じゅうまいざん,1726,標高点,静岡県 山梨県,35.253666,138.377944
646,607,篠井山,しのいさん,1394,三角点,山梨県,35.247721,138.426477
647,608,高ドッキョウ,たかどっきょう,1133,三角点,山梨県 静岡県,35.178497,138.438008
648,609,竜爪山,りゅうそうざん,1051,標高点,静岡県,35.088344,138.40359
649,610,久能山,くのうざん,216,標高点,静岡県,34.966111,138.468055
650,611,茶臼山,ちゃうすやま,1416,三角点,長野県 愛知県,35.227555,137.655539
651,612,鷹ノ巣山,たかのすやま,1153,三角点,愛知県,35.152597,137.494962
652,613,鳳来寺山,ほうらいじさん,695,標高点,愛知県,34.98402,137.5828
653,614,本宮山,ほんぐうさん,789,三角点,愛知県,34.909795,137.420576
654,615,猿投山,さなげやま,629,三角点,愛知県,35.205909,137.166823
655,616,金華山,きんかざん,329,三角点,岐阜県,35.43344,136.781498
656,617,宝立山,ほうりゅうざん,471,標高点,石川県,37.428571,137.162548
657,618,鉢伏山,はちぶせやま,544,三角点,石川県,37.377754,136.97092
658,619,石動山,せきどうさん,564,標高点,石川県,36.965562,136.971012
659,620,宝達山,ほうだつさん,637,三角点,石川県,36.78192,136.813035
660,621,二上山,ふたがみやま,274,標高点,富山県,36.790002,137.015378
661,622,牛岳,うしだけ,987,三角点,富山県,36.541225,137.031773
662,623,白木峰,しろきみね,1596,標高点,富山県 岐阜県,36.415461,137.112128
663,624,金剛堂山,こんごうどうざん,1650,標高点,富山県,36.378888,137.048888
664,625,人形山,にんぎょうざん,1726,標高点,岐阜県 富山県,36.349016,136.939729
665,626,三ヶ辻山,みつがつじやま,1764,三角点,岐阜県,36.337995,136.949927
666,627,猿ヶ馬場山,さるがばばやま,1875,標高点,岐阜県,36.225951,136.942873
667,628,御前岳,ごぜんだけ,1816,三角点,岐阜県,36.198158,136.96019
668,629,大雨見山,おおあまみやま,1336,三角点,岐阜県,36.253396,137.298483
669,630,位山,くらいやま,1529,三角点,岐阜県,36.03823,137.196696
670,631,川上岳,かおれだけ,1625,三角点,岐阜県,36.008214,137.14958
671,632,鷲ヶ岳,わしがたけ,1671,三角点,岐阜県,35.940342,136.971464
672,633,八乙女山,やおとめやま,756,標高点,富山県,36.540242,136.983162
673,634,高清水山,たかしょうずやま,1145,標高点,富山県,36.477349,136.942978
674,635,医王山＜奥医王山＞,いおうぜん＜おくいおうぜん＞,939,三角点,富山県 石川県,36.512764,136.796013
675,636,口三方岳,くちさんぼうだけ,1269,三角点,石川県,36.373199,136.715502
676,637,高三郎山,たかさぶろうやま,1445,標高点,石川県,36.371111,136.773611
677,638,大門山,だいもんざん,1571,三角点,富山県 石川県,36.365221,136.80369
678,639,大笠山,おおがさやま,1822,三角点,富山県 石川県,36.32045,136.789588
679,640,笈ヶ岳,おいずるがだけ,1841,三角点,富山県 石川県 岐阜県,36.298515,136.792193
680,641,三方岩岳,さんぽういわだけ,1736,標高点,石川県 岐阜県,36.258193,136.844556
681,642,三方崩山,さんぽうくずれやま,2058,三角点,岐阜県,36.179001,136.86015
682,643,七倉山,ななくらやま,2557,標高点,石川県,36.171286,136.758842
683,644,白山＜御前峰＞,はくさん＜ごぜんがみね＞,2702,三角点,石川県 岐阜県,36.155063,136.771449
684,645,白山釈迦岳,はくさんしゃかだけ,2053,三角点,石川県,36.152212,136.735687
685,646,別山,べっさん,2399,三角点,石川県 岐阜県,36.105439,136.765729
686,647,願教寺山,がんきょうじさん,1691,三角点,福井県 岐阜県,36.056929,136.739761
687,648,野伏ヶ岳,のふせがだけ,1674,三角点,岐阜県 福井県,36.012843,136.732391
688,649,大日ヶ岳,だいにちがたけ,1709,三角点,岐阜県,36.001366,136.837818
689,650,赤兎山,あかうさぎやま,1628,三角点,福井県 石川県,36.06758,136.66191
690,651,経ヶ岳,きょうがだけ,1625,三角点,福井県,36.046438,136.621893
691,652,鷲走ヶ岳,わっそがだけ,1096,三角点,石川県,36.265868,136.615529
692,653,大日山,だいにちざん,1368,標高点,石川県,36.162094,136.493321
693,654,富士写ヶ岳,ふじしゃがだけ,942,三角点,石川県,36.188553,136.363965
694,655,浄法寺山,じょうほうじやま,1053,三角点,福井県,36.124959,136.392678
695,656,国見岳,くにみだけ,656,三角点,福井県,36.079266,136.083957
696,657,日野山,ひのさん,794,三角点,福井県,35.859184,136.207491
697,658,部子山,へこさん,1464,三角点,福井県,35.886133,136.439201
698,659,荒島岳,あらしまだけ,1523,三角点,福井県,35.934289,136.601273
699,660,平家岳,へいけがだけ,1441,三角点,福井県,35.809887,136.718893
700,661,高賀山,こうがさん,1224,三角点,岐阜県,35.671819,136.859303
701,662,?風山,びょうぶさん,1354,三角点,福井県 岐阜県,35.796862,136.6266
702,663,姥ヶ岳,うばがたけ,1453,三角点,福井県,35.809457,136.505847
703,664,能郷白山（権現山）,のうごうはくさん（ごんげんざん）,1617,三角点,岐阜県,35.762394,136.51403
704,665,冠山,かんむりやま,1256,三角点,福井県 岐阜県,35.779773,136.409397
705,666,三周ヶ岳,さんしゅうがだけ,1292,三角点,岐阜県,35.683635,136.300103
706,667,金糞岳,かなくそだけ,1317,標高点,岐阜県 滋賀県,35.55015,136.337233
707,668,伊吹山,いぶきやま,1377,三角点,滋賀県,35.417836,136.406346
708,669,霊仙山,りょうぜんざん,1094,標高点,滋賀県,35.27914,136.381231
709,670,笙ヶ岳,しょうがだけ,908,三角点,岐阜県,35.28364,136.511207
710,671,養老山,ようろうさん,859,三角点,岐阜県,35.263152,136.523322
711,672,御池岳,おいけだけ,1247,標高点,滋賀県,35.178513,136.414738
712,673,竜ヶ岳,りゅうがだけ,1099,三角点,滋賀県 三重県,35.119324,136.445173
713,674,御在所山,ございしょやま,1212,標高点,滋賀県 三重県,35.020424,136.418015
714,675,雨乞岳,あまごいだけ,1238,三角点,滋賀県,35.021075,136.384118
715,676,高畑山,たかはたやま,773,三角点,三重県 滋賀県,34.889774,136.320803
716,677,霊山,れいさん,765,三角点,三重県,34.817154,136.260474
717,678,経が峰,きょうがみね,819,三角点,三重県,34.766521,136.37444
718,679,笠取山,かさとりやま,842,標高点,三重県,34.733977,136.296371
719,680,武奈ヶ岳,ぶながだけ,1214,三角点,滋賀県,35.264616,135.896999
720,681,皆子山,みなこやま,971,三角点,京都府 滋賀県,35.202273,135.835142
721,682,蓬莱山,ほうらいさん,1174,三角点,滋賀県,35.209539,135.885735
722,683,比叡山＜大比叡＞,ひえいざん＜だいひえい＞,848,三角点,滋賀県 京都府,35.06583,135.834449
723,684,音羽山,おとわやま,593,三角点,京都府,34.976851,135.853004
724,685,三上山（近江富士）,みかみやま（おうみふじ）,432,標高点,滋賀県,35.050543,136.037563
725,686,鷲峰山,じゅうぶざん,682,標高点,京都府,34.83049,135.908502
726,687,笠置山,かさぎやま,324,三角点,京都府,34.751814,135.950672
727,688,若草山（三笠山）,わかくさやま（みかさやま）,342,三角点,奈良県,34.691159,135.854317
728,689,三輪山,みわやま,467,三角点,奈良県,34.535033,135.866812
729,690,耳成山,みみなしやま,139,三角点,奈良県,34.514731,135.80536
730,691,天香久山,あまのかぐやま,152,標高点,奈良県,34.495631,135.818319
731,692,畝傍山,うねびやま,198,三角点,奈良県,34.492586,135.784711
732,693,生駒山,いこまやま,642,三角点,大阪府 奈良県,34.678459,135.678994
733,694,信貴山,しぎさん,437,標高点,奈良県,34.612698,135.668339
734,695,二上山＜雄岳＞,にじょうざん＜おだけ＞,517,標高点,奈良県,34.525625,135.677668
735,696,葛城山,かつらぎさん,958,三角点,奈良県 大阪府,34.456157,135.682317
736,697,金剛山,こんごうざん,1125,標高点,奈良県,34.419446,135.672945
737,698,岩湧山,いわわきさん,897,三角点,大阪府,34.374078,135.551011
738,699,葛城山,かつらぎさん,858,標高点,大阪府 和歌山県,34.348009,135.434375
739,700,俎石山,そせきざん,420,三角点,和歌山県 大阪府,34.308398,135.207857
740,701,堀坂山,ほっさかさん,757,三角点,三重県,34.546535,136.432892
741,702,尼ケ岳,あまがだけ,957,三角点,三重県,34.557587,136.219675
742,703,倶留尊山,くろそやま,1037,三角点,三重県 奈良県,34.530913,136.17031
743,704,局ヶ岳,つぼねがだけ,1029,三角点,三重県,34.460466,136.327036
744,705,三峰山,みうねやま,1235,三角点,三重県 奈良県,34.448712,136.206263
745,706,高見山,たかみやま,1248,三角点,三重県 奈良県,34.428659,136.088468
746,707,竜門岳,りゅうもんだけ,904,三角点,奈良県,34.440632,135.897684
747,708,朝熊ヶ岳,あさまがたけ,555,標高点,三重県,34.461151,136.781584
748,709,七洞岳,ななほらがたけ,778,三角点,三重県,34.373058,136.515752
749,710,迷岳,まよいだけ,1309,三角点,三重県,34.35013,136.207531
750,711,国見山,くにみやま,1419,三角点,三重県 奈良県,34.375773,136.086639
751,712,池木屋山,いけごややま,1396,三角点,三重県 奈良県,34.316079,136.12945
752,713,白鬚岳,しらひげだけ,1378,三角点,奈良県,34.292932,136.046943
753,714,大台ヶ原山＜日出ヶ岳＞,おおだいがはらざん＜ひでがたけ＞,1695,三角点,奈良県 三重県,34.185227,136.109199
754,715,山上ヶ岳,さんじょうがたけ,1719,三角点,奈良県,34.25239,135.941058
755,716,大普賢岳,だいふげんだけ,1780,三角点,奈良県,34.227853,135.9628
756,717,弥山,みせん,1895,標高点,奈良県,34.180121,135.909335
757,718,八経ヶ岳,はっきょうがだけ,1915,三角点,奈良県,34.173586,135.90755
758,719,仏生嶽,ぶっしょうがだけ,1805,三角点,奈良県,34.134501,135.91314
759,720,釈迦ヶ岳,しゃかがだけ,1800,三角点,奈良県,34.114308,135.903126
760,721,涅槃岳,ねはんだけ,1376,三角点,奈良県,34.058235,135.896903
761,722,笠捨山,かさすてやま,1353,三角点,奈良県,33.982804,135.898319
762,723,玉置山,たまきやま,1077,三角点,奈良県,33.926584,135.831617
763,724,高峰山,たかみねさん,1045,三角点,三重県,34.032003,136.147211
764,725,子ノ泊山,ねのとまりやま,907,三角点,三重県,33.794579,135.93046
765,726,龍門山,りゅうもんざん,756,三角点,和歌山県,34.238007,135.411366
766,727,生石ヶ峰,おいしがみね,870,三角点,和歌山県,34.105074,135.334158
767,728,白馬山,しらまやま,957,三角点,和歌山県,34.015793,135.372249
768,729,伯母子岳,おばこだけ,1344,標高点,奈良県,34.077416,135.650735
769,730,護摩壇山,ごまだんざん,1372,標高点,奈良県 和歌山県,34.057402,135.567128
770,731,牛廻山,うしまわしやま,1207,三角点,奈良県 和歌山県,33.948995,135.631278
771,732,冷水山,ひやみずやま,1262,三角点,奈良県,33.899102,135.652818
772,733,大塔山,おおとうざん,1122,三角点,和歌山県,33.726858,135.713839
773,734,法師山,ほうしやま,1120,三角点,和歌山県,33.725942,135.665343
774,735,那智山＜烏帽子山＞,なちさん＜えぼしやま＞,909,三角点,和歌山県,33.696115,135.900842
775,736,善司ノ森山,ぜんじのもりやま,591,三角点,和歌山県,33.593693,135.546946
776,737,野坂岳,のさかだけ,913,三角点,福井県,35.589639,136.024585
777,738,雲谷山,くもだにやま,786,三角点,福井県,35.557672,135.945117
778,739,久須夜ヶ岳,くすやがだけ,618,三角点,福井県,35.557446,135.733748
779,740,百里ヶ岳,ひゃくりがだけ,931,三角点,福井県 滋賀県,35.391788,135.810096
780,741,飯盛山,はんせいざん,584,三角点,福井県,35.451902,135.660108
781,742,青葉山,あおばやま,693,標高点,福井県,35.50525,135.483784
782,743,頭巾山,とうきんざん,871,三角点,福井県 京都府,35.377385,135.53445
783,744,長老ヶ岳,ちょうろうがだけ,917,三角点,京都府,35.303243,135.473986
784,745,桟敷ヶ岳,さじきがだけ,896,三角点,京都府,35.159212,135.717236
785,746,愛宕山,あたごやま,924,標高点,京都府,35.060005,135.634252
786,747,ポンポン山,ぽんぽんやま,679,三角点,京都府 大阪府,34.935163,135.623809
787,748,妙見山,みょうけんさん,660,三角点,大阪府 兵庫県,34.928916,135.467347
788,749,歌垣山,うたがきやま,553,三角点,大阪府,34.974033,135.476756
789,750,剣尾山,けんびざん,784,標高点,大阪府,35.00336,135.403888
790,751,三嶽,みたけ,793,三角点,兵庫県,35.127264,135.2449
791,752,白髪岳,しらがたけ,721,三角点,兵庫県,35.046008,135.134825
792,753,太鼓山,たいこやま,683,三角点,京都府,35.695268,135.204236
793,754,磯砂山,いさなごさん,661,三角点,京都府,35.548529,135.038108
794,755,大江山（千丈ヶ嶽）,おおえやま（せんじょうがたけ）,832,三角点,京都府,35.453453,135.106653
795,756,東床尾山,ひがしとこのおさん,839,三角点,兵庫県,35.421887,134.915863
796,757,来日岳,くるひだけ,566,三角点,兵庫県,35.61195,134.785454
797,758,六甲山,ろっこうさん,931,三角点,兵庫県,34.778004,135.263741
798,759,摩耶山,まやさん,702,標高点,兵庫県,34.732933,135.204328
799,760,妙見山,みょうけんやま,522,標高点,兵庫県,34.497243,134.943495
800,761,諭鶴羽山,ゆづるはさん,608,三角点,兵庫県,34.234865,134.814188
801,762,粟鹿山,あわがやま,962,三角点,兵庫県,35.272785,134.915427
802,763,千ヶ峰,せんがみね,1005,三角点,兵庫県,35.144714,134.883927
803,764,笠形山,かさがたやま,939,三角点,兵庫県,35.064159,134.834717
804,765,久斗山,くとやま,650,標高点,兵庫県,35.621151,134.562701
805,766,蘇武岳,そぶがたけ,1074,三角点,兵庫県,35.470792,134.637965
806,767,妙見山,みょうけんさん,1139,標高点,兵庫県,35.41058,134.64385
807,768,藤無山,ふじなしやま,1139,三角点,兵庫県,35.266677,134.600501
808,769,段ヶ峰,だんがみね,1103,三角点,兵庫県,35.191576,134.727417
809,770,雪彦山,せっぴこさん,915,三角点,兵庫県,35.072813,134.651212
810,771,扇ノ山,おうぎのせん,1310,三角点,鳥取県,35.439806,134.440891
811,772,鉢伏山,はちぶせやま,1222,標高点,兵庫県,35.395384,134.53637
812,773,氷ノ山（須賀ノ山）,ひょうのせん（すがのせん）,1510,三角点,兵庫県 鳥取県,35.353959,134.513842
813,774,三室山,みむろやま,1358,三角点,兵庫県 鳥取県,35.236695,134.462814
814,775,東山,とうせん,1388,三角点,鳥取県,35.292274,134.383007
815,776,沖ノ山,おきのやま,1318,三角点,鳥取県,35.248033,134.356769
816,777,後山,うしろやま,1344,三角点,岡山県 兵庫県,35.18682,134.411242
817,778,那岐山,なぎさん,1254,測定点,鳥取県 岡山県,35.171666,134.180277
818,779,書写山,しょしゃざん,371,標高点,兵庫県,34.892477,134.656452
819,780,白旗山,しらはたやま,440,三角点,兵庫県,34.908203,134.380778
820,781,八塔寺山,はっとうじさん,538,三角点,岡山県,34.923179,134.252183
821,782,金山,かなやま,499,三角点,岡山県,34.744738,133.940744
822,783,大平山,おおひらやま,698,三角点,岡山県,34.899025,133.706828
823,784,大満寺山,だいまんじさん,608,三角点,島根県,36.256773,133.330531
824,785,焼火山,たくひやま,452,三角点,島根県,36.074766,133.031865
825,786,朝日山,あさひやま,344,標高点,島根県,35.507875,132.976412
826,787,鼻高山,はなたかせん,536,三角点,島根県,35.412608,132.75264
827,788,高鉢山,たかはちやま,1203,標高点,鳥取県,35.360327,134.051146
828,789,花知ヶ仙,はなちがせん,1247,三角点,岡山県,35.259528,133.974965
829,790,津黒山,つぐろせん,1118,三角点,岡山県,35.251808,133.814994
830,791,蒜山＜上蒜山＞,ひるぜん＜かみひるぜん＞,1202,標高点,鳥取県 岡山県,35.324978,133.663636
831,792,矢筈ヶ山,やはずがせん,1358,三角点,鳥取県,35.386725,133.580902
832,793,大山＜剣ヶ峰＞,だいせん＜けんがみね＞,1729,標高点,鳥取県,35.371204,133.546356
833,794,烏ヶ山,からすがせん,1448,標高点,鳥取県,35.355788,133.570446
834,795,毛無山,けなしがせん,1218,三角点,鳥取県 岡山県,35.235685,133.514697
835,796,宝仏山,ほうぶつせん,1005,標高点,鳥取県,35.229824,133.470074
836,797,星山,ほしやま,1030,三角点,岡山県,35.142068,133.677359
837,798,花見山,はなみやま,1188,三角点,鳥取県 岡山県,35.152385,133.40122
838,799,大倉山,おおくらやま,1112,三角点,鳥取県,35.133731,133.355216
839,800,船通山,せんつうざん,1142,三角点,島根県 鳥取県,35.155909,133.178625
840,801,道後山,どうごやま,1271,標高点,広島県 鳥取県,35.069504,133.232894
841,802-1,比婆山＜立烏帽子山＞,ひばやま＜たてえぼしやま＞,1299,標高点,広島県,35.051964,133.06552
842,802-2,比婆山＜烏帽子山＞,ひばやま＜えぼしやま＞,1225,三角点,広島県 島根県,35.070007,133.052312
843,803,猿政山,さるまさやま,1267,三角点,島根県 広島県,35.081313,132.967776
844,804,大万木山,おおよろぎさん,1218,三角点,島根県 広島県,35.087547,132.854546
845,805,琴引山（弥山）,ことびきさん（みせん）,1013,三角点,島根県,35.048183,132.78249
846,806,三瓶山＜男三瓶山＞,さんべさん＜おさんべさん＞,1126,三角点,島根県,35.140558,132.621536
847,807,大江高山,おおえたかやま,808,三角点,島根県,35.063907,132.428679
848,808,星居山,ほしのこやま,834,三角点,広島県,34.748152,133.221715
849,809,岳山,だけやま,741,標高点,広島県,34.648976,133.156782
850,810,龍王山,りゅうおうざん,665,三角点,広島県,34.45576,133.083416
851,811,鷹ノ巣山,たかのすざん,922,三角点,広島県,34.565994,132.746014
852,812,白木山,しらきやま,889,三角点,広島県,34.521261,132.575438
853,813,呉娑々宇山,ごさそうさん,682,三角点,広島県,34.422894,132.54785
854,814,野呂山＜膳棚山＞,のろさん＜ぜんだなやま＞,839,三角点,広島県,34.262293,132.666197
855,815,冠山,かんざん,863,標高点,島根県,34.917493,132.501852
856,816,阿佐山,あさやま,1218,三角点,島根県 広島県,34.785932,132.381411
857,817,天狗石山,てんぐいしやま,1192,三角点,島根県 広島県,34.792234,132.342657
858,818,雲月山,うんげつやま,911,三角点,島根県 広島県,34.802109,132.23876
859,819,大佐山,おおさやま,1068,三角点,島根県 広島県,34.747718,132.201303
860,820,臥龍山（刈尾山）,がりゅうざん（かりおやま）,1223,三角点,広島県,34.690121,132.196763
861,821,深入山,しんにゅうざん,1152,三角点,広島県,34.649929,132.206797
862,822,恐羅漢山,おそらかんざん,1346,三角点,島根県 広島県,34.595463,132.129674
863,823,十方山,じっぽうざん,1328,標高点,広島県,34.565042,132.142161
864,824,大峯山,おおみねやま,1049,測定点,広島県,34.415768,132.216933
865,825,冠山,かんむりやま,1339,三角点,広島県,34.468731,132.076098
866,826,寂地山,じゃくちさん,1337,標高点,山口県 島根県,34.467264,132.054434
867,827,安蔵寺山,あぞうじやま,1263,三角点,島根県,34.477126,131.967229
868,828,小五郎山,こごろうさん,1162,三角点,山口県,34.416817,132.00858
869,829,羅漢山,らかんざん,1109,三角点,山口県,34.355584,132.067231
870,830,鈴ノ大谷山,すずのおおたにやま,1036,三角点,島根県,34.376647,131.839182
871,831,平家ヶ岳,へいけがだけ,1066,三角点,島根県 山口県,34.318392,131.899699
872,832,馬糞ヶ岳,ばふんがだけ,985,三角点,山口県,34.250621,131.896392
873,833,莇ヶ岳,あざみがだけ,1004,三角点,山口県,34.332474,131.777774
874,834,青野山,あおのやま,907,三角点,島根県,34.462208,131.798081
875,835,十種ヶ峰,とくさがみね,988,三角点,山口県 島根県,34.438334,131.695282
876,836,高山,こうやま,533,三角点,山口県,34.652091,131.613406
877,837,西鳳翩山,にしほうべんざん,742,三角点,山口県,34.2108,131.409425
878,838,大平山,おおひらやま,631,三角点,山口県,34.073422,131.630339
879,839,桂木山,かつらぎさん,701,三角点,山口県,34.305399,131.302829
880,840,花尾山,はなおやま,669,三角点,山口県,34.283882,131.221028
881,841,天井ヶ岳,てんじょうがだけ,691,三角点,山口県,34.311004,131.042886
882,842,狗留孫山（御岳）,くるそんざん（おだけ）,616,三角点,山口県,34.214638,130.976289
883,843,竜王山,りゅうおうざん,613,三角点,山口県,34.068408,130.935859
884,844,嶮岨山＜星ヶ城山＞,けんそざん＜ほしがじょうさん＞,816,三角点,香川県,34.51535,134.31748
885,845,熊ヶ峰,くまがみね,437,三角点,広島県,34.433416,133.368204
886,846,鷲ケ頭山,わしがとうざん,436,三角点,愛媛県,34.23914,133.021401
887,847,弥山,みせん,535,測定点,広島県,34.279431,132.319531
888,848,皇座山,おおざさん,526,三角点,山口県,33.853123,132.142361
889,849,五剣山（八栗山）,ごけんざん（やくりやま）,375,標高点,香川県,34.360989,134.141445
890,850,大平山,おおひらやま,479,三角点,香川県,34.329854,133.952363
891,851,飯野山（讃岐富士）,いいのやま（さぬきふじ）,422,三角点,香川県,34.274387,133.845875
892,852,象頭山＜大麻山＞,ぞうずさん＜おおさやま＞,616,三角点,香川県,34.196627,133.788494
893,853,矢筈山,やはずやま,789,標高点,香川県,34.194245,134.196816
894,854,大滝山,おおたきやま,946,標高点,香川県 徳島県,34.123149,134.127065
895,855,竜王山,りゅうおうざん,1060,三角点,徳島県 香川県,34.115455,134.048205
896,856,大川山,だいせんざん,1043,三角点,徳島県 香川県,34.115143,133.939649
897,857,雲辺寺山,うんぺんじさん,927,標高点,香川県 徳島県,34.034983,133.722791
898,858,東三方ヶ森,ひがしさんぽうがもり,1233,三角点,愛媛県,33.902786,132.959708
899,859,高縄山,たかなわさん,986,三角点,愛媛県,33.94572,132.850039
900,860,眉山,びざん,290,標高点,徳島県,34.060846,134.516423
901,861,中津峰山,なかつみねやま,773,三角点,徳島県,33.962425,134.509465
902,862,太竜寺山,たいりゅうじやま,618,標高点,徳島県,33.874092,134.519785
903,863,高越山,こうつざん,1133,標高点,徳島県,34.017291,134.19596
904,864,雲早山,くもそうやま,1496,三角点,徳島県,33.905736,134.294771
905,865,八面山,やつらやま,1312,三角点,徳島県,33.923431,134.09984
906,866-1,剣山,つるぎさん,1955,三角点,徳島県,33.853576,134.094281
907,866-2,剣山＜丸笹山＞,つるぎさん＜まるざさやま＞,1712,三角点,徳島県,33.874221,134.089867
908,867,塔丸,とうのまる,1713,三角点,徳島県,33.866938,134.039254
909,868,矢筈山,やはずさん,1849,三角点,徳島県,33.925053,133.974905
910,869,中津山,なかつざん,1447,三角点,徳島県,33.924625,133.844098
911,870,国見山,くにみざん,1409,三角点,徳島県,33.907541,133.784674
912,871,天狗塚,てんぐづか,1812,標高点,徳島県,33.826902,133.943338
913,872,三嶺,さんれい,1894,三角点,徳島県 高知県,33.839401,133.987666
914,873,白髪山,しらがやま,1770,三角点,高知県,33.810133,133.992926
915,874,石立山,いしたてざん,1708,三角点,徳島県 高知県,33.784833,134.054874
916,875,梶ヶ森,かじがもり,1400,三角点,高知県,33.759191,133.75152
917,876,甚吉森,じんきちもり,1423,三角点,徳島県 高知県,33.694814,134.110066
918,877,天狗森,てんぐもり,1295,三角点,高知県,33.6188,134.067874
919,878,鐘ヶ龍森,かねがりゅうもり,1125,三角点,高知県,33.547023,134.082042
920,879,工石山,くいしやま,1516,三角点,高知県,33.855616,133.579965
921,880,白髪山,しらがやま,1469,三角点,高知県,33.81599,133.590702
922,881,稲叢山,いなむらやま,1506,三角点,高知県,33.747025,133.359302
923,882,工石山,くいしやま,1177,標高点,高知県,33.669911,133.505893
924,883,赤星山,あかぼしやま,1453,三角点,愛媛県,33.919376,133.457936
925,884,東赤石山,ひがしあかいしやま,1710,標高点,愛媛県,33.87526,133.373874
926,885,笹ヶ峰,ささがみね,1860,三角点,愛媛県 高知県,33.828111,133.274591
927,886,伊予富士,いよふじ,1756,三角点,愛媛県 高知県,33.788003,133.248041
928,887,瓶ヶ森,かめがもり,1896,三角点,愛媛県,33.794607,133.193258
929,888,石鎚山＜天狗岳＞,いしづちさん＜てんぐだけ＞,1982,標高点,愛媛県,33.76777,133.115086
930,889,二ノ森,にのもり,1930,三角点,愛媛県,33.758541,133.093777
931,890,筒上山,つつじょうざん,1860,三角点,愛媛県 高知県,33.731951,133.161135
932,891,石墨山,いしずみさん,1456,三角点,愛媛県,33.733786,132.984648
933,892,障子山,しょうじやま,885,三角点,愛媛県,33.705328,132.765228
934,893,壺神山,つぼがみやま,971,三角点,愛媛県,33.605567,132.554612
935,894,出石山,いずしやま,812,標高点,愛媛県,33.534926,132.465243
936,895,神南山,かんなんざん,710,三角点,愛媛県,33.517433,132.632889
937,896,御在所山,ございしょやま,915,標高点,愛媛県,33.343979,132.755822
938,897,笠取山,かさとりやま,1562,三角点,愛媛県,33.555494,132.922506
939,898,明神山（中津山）,みょうじんさん（なかつさん）,1541,三角点,愛媛県 高知県,33.575552,133.046646
940,899,不入山,いらずやま,1336,三角点,高知県,33.440779,133.063174
941,900,蟠蛇森,ばんだもり,770,三角点,高知県,33.441107,133.259548
942,901,鈴ヶ森,すずがもり,1054,三角点,高知県,33.356285,133.051017
943,902,五在所ノ峯,ございしょのみね,658,三角点,高知県,33.177287,133.150743
944,903,堂が森,どうがもり,857,三角点,高知県,33.159873,132.876657
945,904,高月山,たかつきやま,1229,三角点,愛媛県,33.208681,132.634642
946,905,三本杭,さんぼんぐい,1226,三角点,愛媛県,33.188324,132.635416
947,906,篠山,ささやま,1065,三角点,愛媛県 高知県,33.055727,132.659067
948,907,今ノ山,いまのやま,868,標高点,高知県,32.857521,132.850118
949,908,足立山（霧ヶ岳）,あだちやま（きりがたけ）,598,三角点,福岡県,33.859516,130.91722
950,909,貫山,ぬきさん,712,三角点,福岡県,33.780687,130.909361
951,910,福智山,ふくちやま,900,三角点,福岡県,33.742247,130.803889
952,911,犬ヶ岳,いぬがたけ,1131,三角点,大分県 福岡県,33.512212,131.001717
953,912,英彦山,ひこさん,1199,三角点,福岡県 大分県,33.476247,130.925973
954,913,馬見山,うまみやま,978,三角点,福岡県,33.486462,130.767889
955,914,犬鳴山（熊ヶ城）,いぬなきやま（くまがじょう）,583,三角点,福岡県,33.687241,130.54924
956,915,三郡山,さんぐんざん,936,三角点,福岡県,33.555536,130.583767
957,916,基山,きざん,404,三角点,佐賀県,33.44271,130.510173
958,917,脊振山,せふりさん,1054,三角点,福岡県 佐賀県,33.43644,130.368623
959,918,浮嶽,うきだけ,805,三角点,福岡県 佐賀県,33.469965,130.099226
960,919,天山,てんざん,1046,三角点,佐賀県,33.338886,130.142897
961,920,両子山,ふたごさん,720,三角点,大分県,33.58312,131.601541
962,921,鹿嵐山,かならせやま,758,三角点,大分県,33.434588,131.252756
963,922,鶴見岳,つるみだけ,1375,標高点,大分県,33.286621,131.429751
964,923,由布岳（豊後富士）,ゆふだけ（ぶんごふじ）,1583,三角点,大分県,33.282267,131.390233
965,924,万年山,はねやま,1140,三角点,大分県,33.23135,131.130589
966,925,涌蓋山,わいたざん,1499,三角点,大分県,33.139941,131.164344
967,926-1,くじゅう連山＜中岳＞,くじゅうれんざん＜なかだけ＞,1791,標高点,大分県,33.085955,131.249001
968,926-2,くじゅう連山＜黒岳＞,くじゅうれんざん＜くろだけ＞,1587,標高点,大分県,33.105963,131.292913
969,926-3,くじゅう連山＜大船山＞,くじゅうれんざん＜たいせんざん＞,1786,三角点,大分県,33.095024,131.28069
970,926-4,くじゅう連山＜三俣山＞,くじゅうれんざん＜みまたやま＞,1744,三角点,大分県,33.104003,131.246516
971,926-5,くじゅう連山＜星生山＞,くじゅうれんざん＜ほっしょうざん＞,1762,標高点,大分県,33.090768,131.232687
972,926-6,くじゅう連山＜久住山＞,くじゅうれんざん＜くじゅうさん＞,1786,三角点,大分県,33.082187,131.240871
973,927-1,阿蘇山＜高岳＞,あそさん＜たかだけ＞,1592,三角点,熊本県,32.884318,131.103918
974,927-2,阿蘇山＜根子岳＞,あそさん＜ねこだけ＞,1433,標高点,熊本県,32.883527,131.144371
975,927-3,阿蘇山＜中岳＞,あそさん＜なかだけ＞,1506,標高点,熊本県,32.883528,131.097001
976,927-4,阿蘇山＜杵島岳＞,あそさん＜きしまだけ＞,1326,標高点,熊本県,32.892701,131.057898
977,927-5,阿蘇山＜烏帽子岳＞,あそさん＜えぼしだけ＞,1337,三角点,熊本県,32.873679,131.058014
978,928,鷹取山,たかとりやま,801,三角点,福岡県,33.303028,130.722822
979,929,釈迦岳,しゃかだけ,1231,標高点,大分県,33.187593,130.889012
980,930,酒呑童子山,しゅてんどうじやま,1181,三角点,大分県,33.097007,130.908413
981,931,国見山,くにみやま,1018,三角点,熊本県,33.105431,130.817547
982,932,筒ヶ岳,つつがたけ,501,三角点,熊本県,32.984633,130.527365
983,933,金峰山,きんぼうざん,665,三角点,熊本県,32.814034,130.639004
984,934,黒髪山,くろかみざん,516,標高点,佐賀県,33.214177,129.901689
985,935,国見山,くにみやま,776,三角点,長崎県,33.236889,129.812839
986,936,虚空蔵山（虚空蔵岳）,こくぞうざん（こくぞうたけ）,608,三角点,長崎県,33.090457,129.921333
987,937-1,多良岳＜経ヶ岳＞,たらだけ＜きょうがだけ＞,1076,三角点,佐賀県 長崎県,32.987528,130.076281
988,937-2,多良岳,たらだけ,996,標高点,佐賀県,32.975491,130.092539
989,937-3,多良岳＜五家原岳＞,たらだけ＜ごかはらだけ＞,1057,三角点,長崎県,32.958044,130.076548
990,938-1,雲仙岳＜普賢岳＞,うんぜんだけ＜ふげんだけ＞,1359,三角点,長崎県,32.759909,130.292147
991,938-2,雲仙岳＜平成新山＞,うんぜんだけ＜へいせいしんざん＞,1483,標高点,長崎県,32.761257,130.298849
992,939,長浦岳,ながうらだけ,561,三角点,長崎県,32.913531,129.744841
993,940,八郎岳,はちろうだけ,590,三角点,長崎県,32.670216,129.856522
994,941,御岳＜雄岳＞,みたけ＜おたけ＞,479,標高点,長崎県,34.572366,129.381747
995,942,白嶽,しらたけ,518,標高点,長崎県,34.26391,129.249595
996,943,有明山,ありあけやま,558,三角点,長崎県,34.204406,129.265008
997,944,矢立山,やたてやま,648,三角点,長崎県,34.177379,129.226116
998,945,山王山（雄嶽）,さんのうざん（おんたけ）,439,三角点,長崎県,32.933462,129.052939
999,946,父ヶ岳,ててがだけ,460,三角点,長崎県,32.698195,128.681048
1000,947,佩楯山,はいだてさん,754,三角点,大分県,32.953095,131.645749
1001,948,傾山,かたむきやま,1605,測定点,大分県,32.839,131.475911
1002,949,大崩山,おおくえやま,1644,測定点,宮崎県,32.737774,131.513389
1003,950,行縢山,むかばきやま,830,三角点,宮崎県,32.625935,131.572272
1004,951,祖母山,そぼさん,1756,三角点,大分県 宮崎県,32.828131,131.347045
1005,952,古祖母山,ふるそぼさん,1633,三角点,大分県 宮崎県,32.802729,131.364321
1006,953,諸塚山,もろつかやま,1341,三角点,宮崎県,32.634592,131.287423
1007,954,向坂山,むこうざかやま,1685,三角点,熊本県 宮崎県,32.579622,131.104868
1008,955,国見岳,くにみだけ,1739,三角点,熊本県 宮崎県,32.547131,131.018363
1009,956,上福根山,かみふくねやま,1646,三角点,熊本県,32.473426,130.946812
1010,957,江代山（津野岳）,えしろやま（つのだけ）,1607,三角点,熊本県 宮崎県,32.370442,131.076072
1011,958,市房山,いちふさやま,1720,三角点,熊本県 宮崎県,32.311682,131.101036
1012,959,石堂山,いしどうやま,1547,三角点,宮崎県,32.300192,131.167673
1013,960,尾鈴山,おすずやま,1405,三角点,宮崎県,32.299301,131.426587
1014,961,仰烏帽子山,のけえぼしやま,1302,三角点,熊本県,32.371428,130.777717
1015,962,白髪岳,しらがたけ,1417,三角点,熊本県,32.150399,130.943371
1016,963,国見山,くにみやま,969,三角点,熊本県,32.187845,130.614181
1017,964,矢筈岳,やはずだけ,687,三角点,熊本県 鹿児島県,32.122915,130.400678
1018,965,紫尾山（上宮山）,しびさん（じょうぐうざん）,1067,標高点,鹿児島県,31.980835,130.367641
1019,966,鰐塚山,わにつかやま,1118,三角点,宮崎県,31.768866,131.269503
1020,967-1,霧島山＜韓国岳＞,きりしまやま＜からくにだけ＞,1700,三角点,宮崎県 鹿児島県,31.93417,130.861577
1021,967-2,霧島山＜新燃岳＞,きりしまやま＜しんもえだけ＞,1421,標高点,宮崎県 鹿児島県,31.909582,130.886395
1022,967-3,霧島山＜高千穂峰＞,きりしまやま＜たかちほのみね＞,1573,三角点,宮崎県,31.886257,130.918939
1023,968-1,高隈山＜大箆柄岳＞,たかくまやま＜おおのがらだけ＞,1236,三角点,鹿児島県,31.486212,130.818538
1024,968-2,高隈山＜御岳＞,たかくまやま＜おんたけ＞,1182,三角点,鹿児島県,31.460302,130.820618
1025,969,甫与志岳,ほよしだけ,967,三角点,鹿児島県,31.264171,130.990121
1026,970,稲尾岳,いなおだけ,930,標高点,鹿児島県,31.123479,130.884683
1027,971,御岳（北岳）,おんたけ（きただけ）,1117,標高点,鹿児島県,31.592626,130.656638
1028,972,八重山,やえやま,677,三角点,鹿児島県,31.734508,130.448447
1029,973,冠岳（西岳）,かんむりだけ（にしだけ）,516,三角点,鹿児島県,31.748703,130.331238
1030,974,熊ヶ岳,くまがだけ,590,三角点,鹿児島県,31.455293,130.463887
1031,975,金峯山,きんぽうざん,636,三角点,鹿児島県,31.467668,130.382944
1032,976,野間岳,のまだけ,591,三角点,鹿児島県,31.40452,130.158222
1033,977,開聞岳,かいもんだけ,924,測定点,鹿児島県,31.179926,130.528406
1034,978,倉岳,くらたけ,682,三角点,熊本県,32.427784,130.326985
1035,979,角山,かどやま,526,三角点,熊本県,32.399331,130.093892
1036,980,尾岳,おたけ,604,三角点,鹿児島県,31.723184,129.739338
1037,981,天女ヶ倉,あまめがくら,238,三角点,鹿児島県,30.743587,131.053398
1038,982,硫黄岳,いおうだけ,704,三角点,鹿児島県,30.793004,130.305254
1039,983,櫓岳,やぐらだけ,621,三角点,鹿児島県,30.828329,129.937494
1040,984,古岳,ふるだけ,657,標高点,鹿児島県,30.443215,130.217344
1041,985,宮之浦岳,みやのうらだけ,1936,測定点,鹿児島県,30.335951,130.504287
1042,986,永田岳,ながただけ,1886,標高点,鹿児島県,30.34287,130.49244
1043,987,モッチョム岳,もっちょむだけ,940,標高点,鹿児島県,30.256697,130.564221
1044,988,前岳,まえだけ,628,三角点,鹿児島県,29.968026,129.925441
1045,989,御岳,おたけ,979,三角点,鹿児島県,29.859296,129.856983
1046,990,御岳,おたけ,497,三角点,鹿児島県,29.903088,129.541639
1047,991,御岳,おたけ,796,標高点,鹿児島県,29.638415,129.71389
1048,992,御岳,みたけ,584,三角点,鹿児島県,29.464976,129.594734
1049,993,イマキラ岳,いまきらだけ,292,三角点,鹿児島県,29.144466,129.208053
1050,994,[横当島],[よこあてじま],495,三角点,鹿児島県,28.800775,128.99477
1051,995,湯湾岳,ゆわんだけ,694,三角点,鹿児島県,28.296088,129.32116
1052,996,井之川岳,いのかわだけ,645,三角点,鹿児島県,27.778702,128.983155
1053,997,大山,おおやま,240,三角点,鹿児島県,27.369144,128.5667
1054,998,与那覇岳,よなはだけ,503,標高点,沖縄県,26.717044,128.218696
1055,999,八重岳,やえだけ,453,三角点,沖縄県,26.635498,127.928346
1056,1000,恩納岳,おんなだけ,363,三角点,沖縄県,26.479362,127.874742
1057,1001,於茂登岳,おもとだけ,526,測定点,沖縄県,24.427171,124.183264
1058,1002,古見岳,こみだけ,470,三角点,沖縄県,24.359226,123.891176
1059,1003,宇良部岳,うらぶだけ,231,三角点,沖縄県,24.452912,123.005502
