連番,索引番号,表示山名,表示よみ,地理院山名,山頂名,標高(m),種別,都道府県,緯度,経度,百名山,二百名山,三百名山,百高山,別名(検索用),照合方法,確認状態,備考
1,1,知床岳,しれとこだけ,知床岳,,1254,三角点,北海道,44.235726,145.273940,,,,,,,その他,
2,2,硫黄山,いおうざん,硫黄山,,1562,三角点,北海道,44.133258,145.161290,,,,,,,その他,
3,3,知円別岳,ちえんべつだけ,知円別岳,,1544,標高点,北海道,44.124615,145.168839,,,,,,,その他,
4,4,サシルイ岳,さしるいだけ,サシルイ岳,,1564,標高点,北海道,44.095319,145.143678,,,,,,,その他,
5,5,羅臼岳,らうすだけ,羅臼岳,,1660,測定点,北海道,44.075917,145.122246,1,,,,,百名山:自動(名前一致・よみ一致・標高一致・県一致),自動一致,
6,6,遠音別岳,おんねべつだけ,遠音別岳,,1330,三角点,北海道,43.993399,145.013274,,,,,,,その他,
7,7,海別岳,うなべつだけ,海別岳,,1419,三角点,北海道,43.876845,144.876540,,,,,,,その他,
8,8,斜里岳,しゃりだけ,斜里岳,,1547,標高点,北海道,43.765743,144.717659,1,,,,,百名山:自動(名前一致・よみ一致・標高一致・県一致),自動一致,
9,9,標津岳,しべつだけ,標津岳,,1061,標高点,北海道,43.668171,144.704818,,,,,,,その他,
10,10,藻琴山,もことやま,藻琴山,,1000,三角点,北海道,43.704313,144.330987,,,,,,,その他,
11,11,アトサヌプリ（硫黄山）,あとさぬぷり（いおうざん）,アトサヌプリ,,508,標高点,北海道,43.610395,144.438652,,,,,硫黄山,,その他,
12,12,カムイヌプリ（摩周岳）,かむいぬぷり（ましゅうだけ）,カムイヌプリ,,857,標高点,北海道,43.572273,144.560902,,,,,摩周岳,,その他,
13,13,雄阿寒岳,おあかんだけ,雄阿寒岳,,1370,三角点,北海道,43.454056,144.164617,,,,,,,その他,
14,14-1,阿寒岳,あかんだけ,雌阿寒岳,,1499,標高点,北海道,43.386318,144.008813,1,,,,雌阿寒岳,百名山:自動(名前部分一致・標高一致・県一致),目視確認済,百名山: 百名山の阿寒岳=雌阿寒岳1499m
15,14-2,雌阿寒岳（阿寒富士）,めあかんだけ（あかんふじ）,雌阿寒岳,阿寒富士,1476,三角点,北海道,43.374063,144.006504,,,,,雌阿寒岳/阿寒富士,,その他,
16,15,ウコタキヌプリ,うこたきぬぷり,ウコタキヌプリ,,747,標高点,北海道,43.208527,143.797571,,,,,,,その他,
17,16,礼文岳,れぶんだけ,礼文岳,,490,三角点,北海道,45.372520,141.015803,,,,,,,その他,
18,17,利尻岳,りしりだけ,利尻山,,1721,標高点,北海道,45.178536,141.242036,1,,,,利尻山（利尻富士）/利尻富士,百名山:自動(標高一致・県一致),目視確認済,百名山: 表記違い: 利尻岳=利尻山(利尻富士)
19,18,幌尻山,ぽろしりやま,幌尻山,,427,三角点,北海道,45.165622,142.008524,,,,,,,その他,
20,19,パンケ山,ぱんけざん,パンケ山,,632,三角点,北海道,44.857042,142.149839,,,,,,,その他,
21,20,ポロヌプリ山,ぽろぬぷりざん,ポロヌプリ山,,841,標高点,北海道,44.961847,142.420377,,,,,,,その他,
22,21,敏音知岳,ぴんねしりだけ,敏音知岳,,703,三角点,北海道,44.893060,142.234535,,,,,,,その他,
23,22,函岳,はこだけ,函岳,,1129,三角点,北海道,44.665888,142.412131,,,,,,,その他,
24,23,ピヤシリ山,ぴやしりやま,ピヤシリ山,,987,三角点,北海道,44.433695,142.584098,,,,,,,その他,
25,24,欝岳,うつだけ,欝岳,,818,三角点,北海道,44.291743,143.082530,,,,,,,その他,
26,25,ウエンシリ岳,うえんしりだけ,ウエンシリ岳,,1142,三角点,北海道,44.228801,142.876338,,,,,,,その他,
27,26,渚滑岳,しょこつだけ,渚滑岳,,1345,三角点,北海道,44.040358,142.917386,,,,,,,その他,
28,27,天塩岳,てしおだけ,天塩岳,,1557,三角点,北海道,43.964372,142.887986,,1,,,,二百名山:自動(名前一致・よみ一致・標高一致・距離0.0km・県一致),自動一致,
29,28,チトカニウシ山,ちとかにうしやま,チトカニウシ山,,1445,三角点,北海道,43.906794,143.048547,,,,,,,その他,
30,29,仁頃山,にころやま,仁頃山,,829,三角点,北海道,43.878268,143.718209,,,,,,,その他,
31,30,ニセイカウシュッペ山,にせいかうしゅっぺやま,ニセイカウシュッペ山,,1883,標高点,北海道,43.779967,142.985346,,,1,,,三百名山:自動(名前一致・よみ一致・標高一致・距離0.0km・県一致),自動一致,
32,31,武利岳,むりいだけ,武利岳,,1876,三角点,北海道,43.732934,143.176511,,,,,,,その他,
33,32,武華山,むかやま,武華山,,1759,三角点,北海道,43.705705,143.160519,,,,,,,その他,
34,33,北見富士,きたみふじ,北見富士,,1291,三角点,北海道,43.693735,143.295921,,,,,,,その他,
35,34-1,大雪山,たいせつざん,大雪山,旭岳,2291,三角点,北海道,43.663582,142.854138,1,,,,大雪山（ヌタプカウシペ）/旭岳/ヌタプカウシペ,百名山:自動(名前一致・標高一致・県一致),自動一致,
36,34-2,大雪山（ヌタプカウシペ）（黒岳）,たいせつざん（ぬたぷかうしぺ）（くろだけ）,大雪山,黒岳,1984,標高点,北海道,43.697500,142.920277,,,,,大雪山（ヌタプカウシペ）/黒岳/ヌタプカウシペ,,その他,
37,34-3,大雪山（ヌタプカウシペ）（北鎮岳）,たいせつざん（ぬたぷかうしぺ）（ほくちんだけ）,大雪山,北鎮岳,2244,標高点,北海道,43.692768,142.879900,,,,,大雪山（ヌタプカウシペ）/北鎮岳/ヌタプカウシペ,,その他,
38,34-4,大雪山（ヌタプカウシペ）（愛別岳）,たいせつざん（ぬたぷかうしぺ）（あいべつだけ）,大雪山,愛別岳,2113,標高点,北海道,43.707911,142.857119,,,,,大雪山（ヌタプカウシペ）/愛別岳/ヌタプカウシペ,,その他,
39,34-5,大雪山（ヌタプカウシペ）（白雲岳）,たいせつざん（ぬたぷかうしぺ）（はくうんだけ）,大雪山,白雲岳,2230,三角点,北海道,43.661188,142.905915,,,,,大雪山（ヌタプカウシペ）/白雲岳/ヌタプカウシペ,,その他,
40,35,忠別岳,ちゅうべつだけ,忠別岳,,1963,標高点,北海道,43.591080,142.894507,,,,,,,その他,
41,36,トムラウシ,とむらうし,トムラウシ山,,2141,三角点,北海道,43.527111,142.848790,1,,,,トムラウシ山,百名山:自動(名前部分一致・標高一致・県一致),目視確認済,百名山: 表記違い: トムラウシ=トムラウシ山
42,37,オプタテシケ山,おぷたてしけやま,オプタテシケ山,,2012,三角点,北海道,43.470244,142.751538,,,1,,,三百名山:自動(名前一致・よみ一致・標高一致・距離0.0km・県一致),自動一致,
43,38,美瑛岳,びえいだけ,美瑛岳,,2052,三角点,北海道,43.439895,142.706563,,,,,,,その他,
44,39,十勝岳,とかちだけ,十勝岳,,2077,標高点,北海道,43.417859,142.686283,1,,,,,百名山:自動(名前一致・よみ一致・標高一致・県一致),自動一致,
45,40,上ホロカメットク山,かみほろかめっとくやま,上ホロカメットク山,,1920,標高点,北海道,43.404887,142.671772,,,,,,,その他,
46,41,富良野岳,ふらのだけ,富良野岳,,1912,三角点,北海道,43.393723,142.634976,,,,,,,その他,
47,42,三国山,みくにやま,三国山,,1541,三角点,北海道,43.595395,143.146416,,,,,,,その他,
48,43,石狩岳,いしかりだけ,石狩岳,,1967,標高点,北海道,43.546573,143.022311,,1,,,,二百名山:自動(名前一致・よみ一致・標高一致・距離0.0km・県一致),自動一致,
49,44,音更山,おとふけやま,音更山,,1932,三角点,北海道,43.561775,143.035310,,,,,,,その他,
50,45,ニペソツ山,にぺそつやま,ニペソツ山,,2013,標高点,北海道,43.455985,143.032245,,1,,,,二百名山:自動(名前一致・よみ一致・標高一致・距離0.0km・県一致),自動一致,
51,46,ウペペサンケ山,うぺぺさんけやま,ウペペサンケ山,,1848,標高点,北海道,43.389519,143.082096,,,,,,,その他,
52,47,東ヌプカウシヌプリ,ひがしぬぷかうしぬぷり,東ヌプカウシヌプリ,,1252,三角点,北海道,43.245784,143.102143,,,,,,,その他,
53,48,佐幌岳,さほろだけ,佐幌岳,,1059,三角点,北海道,43.173381,142.780995,,,,,,,その他,
54,49,西クマネシリ岳,にしくまねしりだけ,西クマネシリ岳,,1635,標高点,北海道,43.519124,143.233282,,,,,,,その他,
55,50,東三国山,ひがしみくにやま,東三国山,,1230,三角点,北海道,43.508208,143.463732,,,,,,,その他,
56,51,喜登牛山,きとうしやま,喜登牛山,,1312,三角点,北海道,43.447692,143.456324,,,,,,,その他,
57,52,ピッシリ山,ぴっしりざん,ピッシリ山,,1031,三角点,北海道,44.355624,142.032063,,,,,,,その他,
58,53,三頭山,さんとうさん,三頭山,,1009,三角点,北海道,44.091549,142.085817,,,,,,,その他,
59,54,ポロシリ山,ぽろしりやま,ポロシリ山,,730,三角点,北海道,43.962587,141.836233,,,,,,,その他,
60,55,暑寒別岳,しょかんべつだけ,暑寒別岳,,1491,三角点,北海道,43.715865,141.522949,,1,,,,二百名山:自動(名前一致・よみ一致・標高一致・距離0.0km・県一致),自動一致,
61,56,群別岳,くんべつだけ,群別岳,,1376,三角点,北海道,43.684740,141.487671,,,,,,,その他,
62,57,ピンネシリ,ぴんねしり,ピンネシリ,,1100,三角点,北海道,43.491807,141.706740,,,,,,,その他,
63,58,イルムケップ山,いるむけっぷやま,イルムケップ山,,864,三角点,北海道,43.629214,142.110281,,,,,,,その他,
64,59,富良野西岳,ふらのにしだけ,富良野西岳,,1331,三角点,北海道,43.309197,142.311645,,,,,,,その他,
65,60,芦別岳,あしべつだけ,芦別岳,,1726,三角点,北海道,43.235730,142.283553,,1,,,,二百名山:自動(名前一致・よみ一致・標高一致・距離0.0km・県一致),自動一致,
66,61,幾春別岳,いくしゅんべつだけ,幾春別岳,,1068,標高点,北海道,43.227072,142.159415,,,,,,,その他,
67,62,夕張岳,ゆうばりだけ,夕張岳,,1668,三角点,北海道,43.099691,142.251011,,1,,,,二百名山:自動(名前一致・よみ一致・標高一致・距離0.0km・県一致),自動一致,
68,63,ハッタオマナイ岳,はったおまないだけ,ハッタオマナイ岳,,1021,三角点,北海道,42.846969,142.313123,,,,,,,その他,
69,64,トマム山,とまむやま,トマム山,,1239,三角点,北海道,43.078634,142.596096,,,,,,,その他,
70,65,芽室岳,めむろだけ,芽室岳,,1753,三角点,北海道,42.868967,142.785395,,,,,,,その他,
71,66,剣山,つるぎやま,剣山,,1205,三角点,北海道,42.848703,142.885059,,,,,,,その他,
72,67,チロロ岳,ちろろだけ,チロロ岳,,1880,三角点,北海道,42.825585,142.675406,,,,,,,その他,
73,68,ピパイロ岳,ぴぱいろだけ,ピパイロ岳,,1916,三角点,北海道,42.773184,142.727610,,,,,,,その他,
74,69,戸蔦別岳,とったべつだけ,戸蔦別岳,,1959,標高点,北海道,42.738665,142.695107,,,,,,,その他,
75,70,幌尻岳,ぽろしりだけ,幌尻岳,,2052,三角点,北海道,42.719435,142.682894,1,,,,,百名山:自動(名前一致・よみ一致・標高一致・県一致),自動一致,
76,71,エサオマントッタベツ岳,えさおまんとったべつだけ,エサオマントッタベツ岳,,1902,標高点,北海道,42.689411,142.757826,,,,,,,その他,
77,72,札内岳,さつないだけ,札内岳,,1895,三角点,北海道,42.693848,142.796750,,,,,,,その他,
78,73,十勝幌尻岳,とかちぽろしりだけ,十勝幌尻岳,,1846,三角点,北海道,42.695467,142.859408,,,,,,,その他,
79,74,イドンナップ岳,いどんなっぷだけ,イドンナップ岳,,1752,標高点,北海道,42.630386,142.648841,,,,,,,その他,
80,75,カムイエクウチカウシ山,かむいえくうちかうしやま,カムイエクウチカウシ山,,1979,三角点,北海道,42.625112,142.766406,,1,,,,二百名山:自動(名前一致・よみ一致・標高一致・距離0.0km・県一致),自動一致,
81,76,１８３９峰,いっぱさんきゅうほう,１８３９峰,,1842,標高点,北海道,42.539346,142.808116,,,,,,,その他,
82,77,ペテガリ岳,ぺてがりだけ,ペテガリ岳,,1736,三角点,北海道,42.499337,142.871019,,1,,,,二百名山:自動(名前一致・よみ一致・標高一致・距離0.0km・県一致),自動一致,
83,78,中ノ岳,なかのだけ,中ノ岳,,1519,標高点,北海道,42.468032,142.884608,,,,,,,その他,
84,79,神威岳,かむいだけ,神威岳,,1600,三角点,北海道,42.428465,142.906866,,,1,,,三百名山:自動(名前一致・よみ一致・標高一致・距離0.0km・県一致),自動一致,
85,80,ピリカヌプリ,ぴりかぬぷり,ピリカヌプリ,,1630,三角点,北海道,42.402225,142.966802,,,,,,,その他,
86,81,楽古岳,らっこだけ,楽古岳,,1471,三角点,北海道,42.272513,143.111252,,,,,,,その他,
87,82,豊似岳,とよにだけ,豊似岳,,1104,三角点,北海道,42.076973,143.232975,,,,,,,その他,
88,83,アポイ岳,あぽいだけ,アポイ岳,,810,三角点,北海道,42.107849,143.025658,,,,,,,その他,
89,84,藻岩山,もいわやま,藻岩山,,531,三角点,北海道,43.022380,141.322328,,,,,,,その他,
90,85,手稲山,ていねやま,手稲山,,1023,三角点,北海道,43.076737,141.192632,,,,,,,その他,
91,86,余市岳,よいちだけ,余市岳,,1488,三角点,北海道,43.032728,141.019787,,,1,,,三百名山:自動(名前一致・よみ一致・標高一致・距離0.0km・県一致),自動一致,
92,87,本倶登山,ぽんくとさん,本倶登山,,1009,三角点,北海道,42.955178,140.912621,,,,,,,その他,
93,88,無意根山,むいねやま,無意根山,,1464,標高点,北海道,42.930775,141.040671,,,,,,,その他,
94,89,札幌岳,さっぽろだけ,札幌岳,,1293,三角点,北海道,42.900189,141.200521,,,,,,,その他,
95,90,空沼岳,そらぬまだけ,空沼岳,,1251,標高点,北海道,42.865007,141.253694,,,,,,,その他,
96,91,恵庭岳,えにわだけ,恵庭岳,,1320,標高点,北海道,42.793311,141.285351,,,,,,,その他,
97,92,風不死岳,ふっぷしだけ,風不死岳,,1102,三角点,北海道,42.716842,141.358874,,,,,,,その他,
98,93,樽前山,たるまえさん,樽前山,,1041,標高点,北海道,42.690539,141.376650,,1,,,,二百名山:自動(名前一致・よみ一致・標高一致・距離0.0km・県一致),自動一致,
99,94,ホロホロ山,ほろほろやま,ホロホロ山,,1322,三角点,北海道,42.633513,141.142532,,,,,,,その他,
100,95,余別岳,よべつだけ,余別岳,,1298,三角点,北海道,43.260060,140.459136,,,,,,,その他,
101,96,天狗岳,てんぐだけ,天狗岳,,872,三角点,北海道,43.184805,140.660816,,,,,,,その他,
102,97,雷電山,らいでんやま,雷電山,,1211,三角点,北海道,42.903633,140.469623,,,,,,,その他,
103,98,目国内岳,めくんないだけ,目国内岳,,1220,標高点,北海道,42.899746,140.515293,,,,,,,その他,
104,99,ニセコアンヌプリ,にせこあんぬぷり,ニセコアンヌプリ,,1308,三角点,北海道,42.875018,140.658839,,,1,,,三百名山:自動(名前一致・よみ一致・標高一致・距離0.0km・県一致),自動一致,
105,100,後方羊蹄山,しりべしやま,羊蹄山,,1898,標高点,北海道,42.826659,140.811488,1,,,,羊蹄山（蝦夷富士）/蝦夷富士,百名山:自動(名前部分一致・標高一致・県一致),目視確認済,百名山: 表記違い: 後方羊蹄山=羊蹄山(蝦夷富士)
106,101,尻別岳,しりべつだけ,尻別岳,,1107,三角点,北海道,42.772572,140.910348,,,,,,,その他,
107,102,貫気別山,ぬっきべつやま,貫気別山,,993,三角点,北海道,42.710081,140.922730,,,,,,,その他,
108,103,昆布岳,こんぶだけ,昆布岳,,1045,三角点,北海道,42.710370,140.655469,,,,,,,その他,
109,104,昭和新山,しょうわしんざん,昭和新山,,398,標高点,北海道,42.542555,140.864350,,,,,,,その他,
110,105,有珠山（大有珠）,うすざん（おおうす）,有珠山,大有珠,733,標高点,北海道,42.543998,140.839251,,,,,有珠山/大有珠,,その他,
111,106,母衣月山,ほろづきやま,母衣月山,,503,三角点,北海道,42.770126,140.214933,,,,,,,その他,
112,107,大平山,おおびらやま,大平山,,1191,三角点,北海道,42.635959,140.135584,,,,,,,その他,
113,108,狩場山,かりばやま,狩場山,,1520,三角点,北海道,42.613353,139.940602,,,1,,,三百名山:自動(名前一致・よみ一致・標高一致・距離0.0km・県一致),自動一致,
114,109,毛無山,けなしやま,毛無山,,816,標高点,北海道,42.295409,139.810731,,,,,,,その他,
115,110,遊楽部岳（見市岳）,ゆうらっぷだけ（けんいちだけ）,遊楽部岳,,1277,標高点,北海道,42.219023,140.010340,,,,,見市岳,,その他,
116,111,乙部岳,おとべだけ,乙部岳,,1017,三角点,北海道,42.039370,140.274586,,,,,,,その他,
117,112,駒ケ岳,こまがたけ,駒ヶ岳,剣ヶ峯,1131,標高点,北海道,42.063344,140.677287,,1,,,駒ヶ岳/剣ヶ峯,二百名山:自動(名前一致・よみ一致・標高一致・距離0.0km・県一致),自動一致,
118,113,横津岳,よこつだけ,横津岳,,1167,標高点,北海道,41.937884,140.771135,,,,,,,その他,
119,114,恵山,えさん,恵山,,617,三角点,北海道,41.804707,141.166031,,,,,,,その他,
120,115,函館山,はこだてやま,函館山,,334,標高点,北海道,41.759027,140.704302,,,,,,,その他,
121,116,八幡岳,はちまんだけ,八幡岳,,664,三角点,北海道,41.851881,140.229991,,,,,,,その他,
122,117,桂岳,かつらだけ,桂岳,,734,三角点,北海道,41.789257,140.464400,,,,,,,その他,
123,118,七ッ岳,ななつだけ,七ッ岳,,957,三角点,北海道,41.624218,140.214070,,,,,,,その他,
124,119,大千軒岳,だいせんげんだけ,大千軒岳,,1072,三角点,北海道,41.579319,140.160818,,,1,,,三百名山:自動(名前一致・よみ一致・標高一致・距離0.0km・県一致),自動一致,
125,120,岩部岳,いわべだけ,岩部岳,,794,三角点,北海道,41.527175,140.310867,,,,,,,その他,
126,121,神威山,かむいやま,神威山,,584,標高点,北海道,42.160273,139.442662,,,,,,,その他,
127,122,江良岳,えらだけ,江良岳,,731,三角点,北海道,41.509904,139.367158,,,,,,,その他,
128,123,燧岳,ひうちだけ,燧岳,,781,三角点,青森県,41.439132,141.052919,,,,,,,その他,
129,124,釜臥山,かまふせやま,釜臥山,,878,三角点,青森県,41.278517,141.120015,,,,,,,その他,
130,125,桑畑山,くわばたやま,桑畑山,,400,三角点,青森県,41.387582,141.440735,,,,,,,その他,
131,126,吹越烏帽子,ふっこしえぼし,吹越烏帽子,,508,三角点,青森県,41.037443,141.317141,,,,,,,その他,
132,127,丸屋形岳,まるやがただけ,丸屋形岳,,718,三角点,青森県,41.152825,140.586625,,,,,,,その他,
133,128,四ッ滝山,よつだきやま,四ッ滝山,,669,三角点,青森県,41.121690,140.400483,,,,,,,その他,
134,129,梵珠山,ぼんじゅさん,梵珠山,,468,三角点,青森県,40.799693,140.575489,,,,,,,その他,
135,130,階上岳（種市岳）,はしかみだけ（たねいちだけ）,階上岳,,739,三角点,青森県 岩手県,40.400693,141.584364,,,,,種市岳,,その他,
136,131,名久井岳,なくいだけ,名久井岳,,615,三角点,青森県,40.387975,141.308363,,,,,,,その他,
137,132,折爪岳,おりつめだけ,折爪岳,,852,三角点,岩手県,40.268760,141.374481,,,,,,,その他,
138,133,安家森,あっかもり,安家森,,1239,三角点,岩手県,40.038037,141.540989,,,,,,,その他,
139,134,遠島山,とおしまやま,遠島山,,1262,三角点,岩手県,40.020655,141.644249,,,,,,,その他,
140,135,三巣子岳,みすごだけ,三巣子岳,,1181,三角点,岩手県,39.900078,141.485421,,,,,,,その他,
141,136,姫神山,ひめかみさん,姫神山,,1123,三角点,岩手県,39.844024,141.246896,,1,,,,二百名山:自動(名前一致・標高一致・距離0.0km・県一致),自動一致,
142,137,堺ノ神岳,さかいのかみだけ,堺ノ神岳,,1319,三角点,岩手県,39.750263,141.626389,,,,,,,その他,
143,138,害鷹森,がいたかもり,害鷹森,,1304,三角点,岩手県,39.711729,141.604551,,,,,,,その他,
144,139,青松葉山,あおまつばやま,青松葉山,,1365,三角点,岩手県,39.697498,141.483563,,,,,,,その他,
145,140,峠ノ神山,とうげのかみやま,峠ノ神山,,1229,三角点,岩手県,39.726881,141.781082,,,,,,,その他,
146,141,早池峰,はやちね,早池峰山,,1917,標高点,岩手県,39.558445,141.488876,1,,,,早池峰山,百名山:自動(名前部分一致・標高一致・県一致),目視確認済,百名山: 表記違い: 早池峰=早池峰山
147,142,薬師岳,やくしだけ,薬師岳,,1645,三角点,岩手県,39.529927,141.495734,,,,,,,その他,
148,143,十二神山,じゅうにしんざん,十二神山,,731,三角点,岩手県,39.538579,141.974887,,,,,,,その他,
149,144,六角牛山,ろっこうしさん,六角牛山,,1293,三角点,岩手県,39.318339,141.650179,,,,,,,その他,
150,145,五葉山,ごようざん,五葉山,,1351,標高点,岩手県,39.205453,141.732123,,,1,,,三百名山:自動(名前一致・よみ一致・標高一致・距離0.0km・県一致),自動一致,
151,146,物見山（種山）,ものみやま（たねやま）,物見山,,870,三角点,岩手県,39.201143,141.401724,,,,,種山,,その他,
152,147,氷上山,ひかみさん,氷上山,,874,三角点,岩手県,39.058929,141.660547,,,,,,,その他,
153,148,室根山,むろねさん,室根山,,895,三角点,岩手県,38.975194,141.447249,,,,,,,その他,
154,149,徳仙丈山,とくせんじょうやま,徳仙丈山,,711,三角点,宮城県,38.848421,141.469945,,,,,,,その他,
155,150,金華山,きんかさん,金華山,,444,三角点,宮城県,38.295305,141.566804,,,,,,,その他,
156,151-1,八甲田山,はっこうださん,八甲田山,大岳,1584,三角点,青森県,40.658907,140.877249,1,,,,大岳,百名山:自動(名前一致・よみ一致・標高一致・県一致),自動一致,
157,151-2,八甲田山（高田大岳）,はっこうださん（たかだおおだけ）,八甲田山,高田大岳,1559,標高点,青森県,40.653050,140.907131,,,,,八甲田山/高田大岳,,その他,
158,152,櫛ヶ峯（上岳）,くしがみね（かみだけ）,櫛ヶ峯,,1516,三角点,青森県,40.603174,140.842575,,,,,上岳,,その他,
159,153,戸来岳（三ッ岳）,へらいだけ（みつだけ）,戸来岳,三ッ岳,1159,三角点,青森県,40.452926,141.001503,,,,,戸来岳/三ッ岳,,その他,
160,154,白地山,しろじやま,白地山,,1034,三角点,秋田県,40.447215,140.788164,,,,,,,その他,
161,155,中岳,なかだけ,中岳,,1024,三角点,秋田県 岩手県,40.246022,140.944368,,,,,,,その他,
162,156,稲庭岳,いなにわだけ,稲庭岳,,1078,三角点,岩手県,40.198619,141.046210,,,,,,,その他,
163,157,五ノ宮嶽,ごのみやだけ,五ノ宮嶽,,1115,三角点,秋田県,40.145836,140.845939,,,,,,,その他,
164,158,七時雨山,ななしぐれやま,七時雨山,,1063,標高点,岩手県,40.069278,141.105652,,,,,,,その他,
165,159,森吉山,もりよしざん,森吉山,,1454,三角点,秋田県,39.976753,140.544174,,1,,,,二百名山:自動(名前一致・よみ一致・標高一致・距離0.0km・県一致),自動一致,
166,160,焼山,やけやま,焼山,,1366,三角点,秋田県,39.963818,140.757004,,,,,,,その他,
167,161-1,八幡平,はちまんたい,八幡平,,1613,三角点,岩手県,39.957808,140.854094,1,,,,,百名山:自動(名前一致・よみ一致・標高一致・県一致),自動一致,
168,161-2,八幡平（茶臼岳）,はちまんたい（ちゃうすだけ）,八幡平,茶臼岳,1578,三角点,岩手県,39.950761,140.898932,,,,,八幡平/茶臼岳,,その他,
169,161-3,八幡平（畚岳）,はちまんたい（もっこだけ）,八幡平,畚岳,1577,三角点,秋田県,39.935921,140.850603,,,,,八幡平/畚岳,,その他,
170,162,大深岳,おおふかだけ,大深岳,,1541,三角点,岩手県 秋田県,39.881092,140.879683,,,,,,,その他,
171,163,岩手山,いわてさん,岩手山,,2038,三角点,岩手県,39.852607,141.001018,1,,,,,百名山:自動(名前一致・よみ一致・標高一致・県一致),自動一致,
172,164,乳頭山（烏帽子岳）,にゅうとうさんえぼしだけ,烏帽子岳,,1478,標高点,岩手県 秋田県,39.804889,140.838626,,,1,,烏帽子岳（乳頭山）/乳頭山,三百名山:自動(標高一致・距離0.0km・県一致),自動一致,
173,165,秋田駒ヶ岳,あきたこまがたけ,駒ヶ岳,男女岳,1637,三角点,秋田県,39.761097,140.799381,,1,,,駒ヶ岳/男女岳,二百名山:自動(名前部分一致・標高一致・距離0.0km・県一致),自動一致,
174,166,岩木山,いわきさん,岩木山,,1624,三角点,青森県,40.655916,140.303075,1,,,,,百名山:自動(名前一致・よみ一致・標高一致・県一致),自動一致,
175,167,向白神岳,むかいしらかみだけ,向白神岳,,1250,標高点,青森県,40.523919,140.045433,,,,,,,その他,
176,168,白神岳,しらかみだけ,白神岳,,1235,標高点,青森県,40.507426,140.018230,,1,,,,二百名山:自動(名前一致・よみ一致・標高一致・距離0.0km・県一致),自動一致,
177,169,二ッ森,ふたつもり,二ッ森,,1086,三角点,青森県 秋田県,40.435045,140.117906,,,,,,,その他,
178,170,駒ヶ岳,こまがたけ,駒ヶ岳,,1158,三角点,秋田県,40.412911,140.251138,,,,,,,その他,
179,171,田代岳,たしろだけ,田代岳,,1178,三角点,秋田県,40.428486,140.408843,,,,,,,その他,
180,172,房住山,ぼうじゅうざん,房住山,,409,三角点,秋田県,40.060516,140.216095,,,,,,,その他,
181,173,太平山,たいへいざん,太平山,,1170,三角点,秋田県,39.796992,140.310685,,,1,,,三百名山:自動(名前一致・よみ一致・標高一致・距離0.0km・県一致),自動一致,
182,174,大仏岳,だいぶつだけ,大仏岳,,1166,三角点,秋田県,39.813647,140.515642,,,,,,,その他,
183,175,東光山,とうこうさん,東光山,,594,標高点,秋田県,39.406580,140.161576,,,,,,,その他,
184,176,八塩山,やしおやま,八塩山,,713,三角点,秋田県,39.236573,140.227682,,,,,,,その他,
185,177,鳥海山,ちょうかいさん,鳥海山,新山,2236,測定点,山形県,39.099369,140.048885,1,,,,新山,百名山:自動(名前一致・よみ一致・標高一致・県一致),自動一致,
186,178,丁岳,ひのとだけ,丁岳,,1145,三角点,秋田県 山形県,39.032022,140.219333,,,,,,,その他,
187,179,甑山（男甑山）,こしきやま（おとここしきやま）,甑山,男甑山,981,三角点,山形県,39.012053,140.310571,,,,,甑山/男甑山,,その他,
188,180,男加無山,おかぶやま,男加無山,,997,三角点,山形県,39.009413,140.260287,,,,,,,その他,
189,181,寒風山,かんぷうざん,寒風山,,355,三角点,秋田県,39.933704,139.875349,,,,,,,その他,
190,182,本山,ほんざん,本山,,715,三角点,秋田県,39.906841,139.753772,,,,,,,その他,
191,183,東根山,あずまねさん,東根山,,928,三角点,岩手県,39.587350,141.059766,,,,,,,その他,
192,184,和賀岳,わがだけ,和賀岳,,1439,三角点,岩手県 秋田県,39.570396,140.754255,,1,,,,二百名山:自動(名前一致・よみ一致・標高一致・距離0.0km・県一致),自動一致,
193,185,真昼岳,まひるだけ,真昼岳,,1059,標高点,岩手県 秋田県,39.447854,140.676545,,,,,,,その他,
194,186,黒森,くろもり,黒森,,944,三角点,岩手県,39.348275,140.868380,,,,,,,その他,
195,187,焼石岳,やけいしだけ,焼石岳,,1547,三角点,岩手県,39.163672,140.828835,,1,,,,二百名山:自動(名前一致・よみ一致・標高一致・距離0.0km・県一致),自動一致,
196,188,栗駒山,くりこまやま,栗駒山,,1626,三角点,岩手県 宮城県,38.960912,140.788430,,1,,,栗駒山（須川岳）/須川岳,二百名山:自動(名前一致・標高一致・距離0.0km・県一致),自動一致,
197,189,高松岳,たかまつだけ,高松岳,,1348,標高点,秋田県,38.967703,140.606336,,,,,,,その他,
198,190,虎毛山,とらげさん,虎毛山,,1432,三角点,秋田県,38.904580,140.618816,,,,,,,その他,
199,191,荒雄岳,あらおだけ,荒雄岳,,984,三角点,宮城県,38.833153,140.691545,,,,,,,その他,
200,192,神室山,かむろさん,神室山,,1365,三角点,秋田県 山形県,38.902253,140.492300,,1,,,,二百名山:自動(名前一致・よみ一致・標高一致・距離0.0km・県一致),自動一致,
201,193,火打岳,ひうちだけ,火打岳,,1237,三角点,山形県,38.840210,140.448473,,,,,,,その他,
202,194,杢蔵山,もくぞうやま,杢蔵山,,1026,三角点,山形県,38.789521,140.401380,,,,,,,その他,
203,195,禿岳（小鏑山）,かむろだけ（こかぶらやま）,禿岳,,1261,三角点,山形県 宮城県,38.810947,140.595092,,,,,小鏑山,,その他,
204,196,箟岳山,ののだけやま,箟岳山,,236,標高点,宮城県,38.565746,141.178755,,,,,,,その他,
205,197,大高森,おおたかもり,大高森,,105,三角点,宮城県,38.340614,141.152511,,,,,,,その他,
206,198,翁山,おきなさん,翁山,,1075,三角点,山形県,38.650866,140.544798,,,,,,,その他,
207,199,薬?山,やくらいさん,薬?山,,553,三角点,宮城県,38.575542,140.705262,,,,,,,その他,
208,200,船形山,ふながたやま,船形山,,1500,三角点,宮城県 山形県,38.455447,140.619866,,1,,,船形山（御所山）/御所山,二百名山:自動(名前一致・標高一致・距離0.0km・県一致),自動一致,
209,201,泉ヶ岳,いずみがだけ,泉ヶ岳,,1175,測定点,宮城県,38.411987,140.708761,,,1,,,三百名山:自動(名前一致・標高一致・距離0.0km・県一致),自動一致,
210,202,太白山,たいはくさん,太白山,,321,三角点,宮城県,38.234935,140.802178,,,,,,,その他,
211,203,大東岳,だいとうだけ,大東岳,,1365,三角点,宮城県,38.302146,140.523563,,,,,,,その他,
212,204-1,蔵王山,ざおうさん,蔵王山,熊野岳,1841,測定点,山形県,38.143878,140.439741,1,,,,熊野岳,百名山:自動(名前一致・標高一致・県一致),自動一致,
213,204-2,蔵王山（刈田岳）,ざおうざん（ざおうさん）（かっただけ）,蔵王山,刈田岳,1758,三角点,宮城県,38.127754,140.448187,,,,,蔵王山/刈田岳,,その他,
214,204-3,蔵王山（?風岳）,ざおうざん（ざおうさん）（びょうぶだけ）,蔵王山,?風岳,1825,標高点,宮城県,38.095707,140.476135,,,,,蔵王山/?風岳,,その他,
215,204-4,蔵王山（不忘山（御前岳））,ざおうざん（ざおうさん）（ふぼうさん（おまえだけ））,蔵王山,不忘山（御前岳）,1705,三角点,宮城県,38.075661,140.478859,,,,,蔵王山/不忘山（御前岳）/御前岳,,その他,
216,205,青麻山,あおそやま,青麻山,,799,三角点,宮城県,38.084769,140.607578,,,,,,,その他,
217,206,栗子山,くりこやま,栗子山,,1217,三角点,福島県 山形県,37.874343,140.269967,,,,,,,その他,
218,207,信夫山,しのぶやま,信夫山,,275,測定点,福島県,37.770714,140.461590,,,,,,,その他,
219,208-1,吾妻山,あづまさん,西吾妻山,,2035,標高点,福島県 山形県,37.738140,140.140800,1,,,,西吾妻山,百名山:自動(名前部分一致・標高一致・県一致),目視確認済,百名山: 百名山の吾妻山=西吾妻山2035m(連峰最高点)
220,208-2,西吾妻山（西大巓）,にしあづまやま（にしだいてん）,西吾妻山,西大巓,1982,標高点,山形県 福島県,37.733973,140.127690,,,,,西吾妻山/西大巓,,その他,
221,208-3,西吾妻山（東大巓）,にしあづまやま（ひがしだいてん）,西吾妻山,東大巓,1928,三角点,福島県 山形県,37.754466,140.188764,,,,,西吾妻山/東大巓,,その他,
222,209-1,東吾妻山,ひがしあづまやま,東吾妻山,,1975,三角点,福島県,37.711673,140.230302,,,,,,,その他,
223,209-2,一切経山,いっさいきょうざん,東吾妻山,一切経山,1949,三角点,福島県,37.735364,140.244343,,,1,,東吾妻山,三百名山:自動(名前一致・よみ一致・標高一致・距離0.0km・県一致),自動一致,
224,209-3,東吾妻山（吾妻小富士）,ひがしあづまやま（あづまこふじ）,東吾妻山,吾妻小富士,1707,標高点,福島県,37.722134,140.263596,,,,,東吾妻山/吾妻小富士,,その他,
225,210,箕輪山,みのわやま,箕輪山,,1728,標高点,福島県,37.647091,140.280908,,,,,,,その他,
226,211-1,安達太良山（鉄山）,あだたらやま（てつざん）,安達太良山,鉄山,1709,測定点,福島県,37.633051,140.283175,,,,,安達太良山/鉄山,,その他,
227,211-2,安達太良山,あだたらやま,安達太良山,,1700,三角点,福島県,37.621123,140.287891,1,,,,,百名山:手動,依頼者確認済,百名山: 本峰(乳首)1700m・三角点(第147・依頼者検品A)。鉄山1709mは211-1
228,212,磐梯山,ばんだいさん,磐梯山,,1816,三角点,福島県,37.600975,140.072248,1,,,,,百名山:自動(名前一致・よみ一致・標高一致・県一致),自動一致,
229,213,高館山,たかだてやま,高館山,,273,三角点,山形県,38.762963,139.747502,,,,,,,その他,
230,214,金峯山,きんぼうざん,金峯山,,471,標高点,山形県,38.682144,139.798184,,,,,,,その他,
231,215,羽黒山,はぐろさん,羽黒山,,414,標高点,山形県,38.702594,139.982693,,,,,,,その他,
232,216,月山,がっさん,月山,,1984,標高点,山形県,38.549136,140.026971,1,,,,,百名山:自動(名前一致・よみ一致・標高一致・県一致),自動一致,
233,217,葉山,はやま,葉山,,1462,三角点,山形県,38.529262,140.210522,,,,,,,その他,
234,218,温海岳,あつみだけ,温海岳,,735,三角点,山形県,38.620130,139.630738,,,,,,,その他,
235,219,摩耶山,まやさん,摩耶山,,1020,三角点,山形県,38.520194,139.727851,,,1,,,三百名山:自動(名前一致・よみ一致・標高一致・距離0.0km・県一致),自動一致,
236,220,以東岳,いとうだけ,以東岳,,1772,三角点,山形県 新潟県,38.342954,139.849062,,1,,,,二百名山:自動(名前一致・よみ一致・標高一致・距離0.0km・県一致),自動一致,
237,221,朝日岳,あさひだけ,朝日岳,大朝日岳,1870,三角点,山形県,38.260533,139.922321,1,,,,大朝日岳,百名山:自動(名前一致・よみ一致・標高一致・県一致),自動一致,
238,222,祝瓶山,いわいがめやま,祝瓶山,,1417,三角点,山形県,38.197610,139.879609,,,1,,,三百名山:自動(名前一致・よみ一致・標高一致・距離0.0km・県一致),自動一致,
239,223,鷲ヶ巣山,わしがすやま,鷲ヶ巣山,,1093,三角点,新潟県,38.221927,139.668993,,,,,,,その他,
240,224,新保岳,しんぼだけ,新保岳,,852,三角点,新潟県,38.361136,139.510815,,,,,,,その他,
241,225,白鷹山,しらたかやま,白鷹山,,994,標高点,山形県,38.222663,140.173121,,,,,,,その他,
242,226,朳差岳,えぶりさしだけ,?差岳,,1636,三角点,新潟県,37.942611,139.608833,,1,,,?差岳,二百名山:自動(よみ一致・標高一致・距離0.0km・県一致),自動一致,
243,227,北股岳,きたまただけ,北股岳,,2025,三角点,新潟県 山形県,37.879955,139.638576,,,,,,,その他,
244,228,飯豊山,いいでさん,飯豊山,,2105,三角点,福島県,37.854831,139.707110,1,,,,,百名山:手動,依頼者確認済,百名山: 飯豊本山2105m(三角点)(第147・依頼者検品A)。連峰最高点の大日岳は229(2128m)
245,229,大日岳,だいにちだけ,大日岳,,2128,標高点,新潟県,37.833203,139.660672,,,,,,,その他,
246,230,二王子岳,にのうじだけ,二王子岳,,1420,三角点,新潟県,37.899648,139.499151,,1,,,,二百名山:自動(名前一致・よみ一致・標高一致・距離0.0km・県一致),自動一致,
247,231,五頭山,ごずさん,五頭山,,912,三角点,新潟県,37.800974,139.345673,,,,,,,その他,
248,232,高陽山,こうようさん,高陽山,,1126,三角点,福島県 新潟県,37.729076,139.649601,,,,,,,その他,
249,233,飯森山,いいもりやま,飯森山,,1595,三角点,山形県 福島県,37.813858,139.925600,,,,,,,その他,
250,234,霊山,りょうぜん,霊山,,825,標高点,福島県,37.768747,140.687197,,,,,,,その他,
251,235,日山（天王山）,ひやま（てんのうざん）,日山,,1057,標高点,福島県,37.542852,140.683566,,,,,天王山,,その他,
252,236,鎌倉岳,かまくらだけ,鎌倉岳,,967,三角点,福島県,37.467024,140.688910,,,,,,,その他,
253,237,大滝根山,おおたきねやま,大滝根山,,1192,三角点,福島県,37.354899,140.701664,,,1,,,三百名山:自動(名前一致・よみ一致・標高一致・距離0.0km・県一致),自動一致,
254,238,屹兎屋山,きっとやさん,屹兎屋山,,875,三角点,福島県,37.210624,140.867466,,,,,,,その他,
255,239,蓬田岳,よもぎだだけ,蓬田岳,,952,三角点,福島県,37.265799,140.534758,,,,,,,その他,
256,240,三大明神山,さんだいみょうじんやま,三大明神山,,706,標高点,福島県,37.052097,140.762644,,,,,,,その他,
257,241,竪破山,たつわれさん,竪破山,,658,三角点,茨城県,36.710793,140.562278,,,,,,,その他,
258,242,男体山,なんたいさん,男体山,,654,三角点,茨城県,36.724207,140.419684,,,,,,,その他,
259,243,高鈴山,たかすずやま,高鈴山,,623,三角点,茨城県,36.620980,140.587840,,,,,,,その他,
260,244,八溝山,やみぞさん,八溝山,,1022,三角点,茨城県 福島県,36.930151,140.272988,,,1,,,三百名山:自動(名前一致・よみ一致・標高一致・距離0.0km・県一致),自動一致,
261,245,吾国山,わがくにさん,吾国山,,518,三角点,茨城県,36.321865,140.201101,,,,,,,その他,
262,246,加波山,かばさん,加波山,,709,三角点,茨城県,36.298811,140.143659,,,,,,,その他,
263,247,筑波山,つくばさん,筑波山,,877,測定点,茨城県,36.225359,140.106942,1,,,,,百名山:自動(名前一致・よみ一致・標高一致・県一致),自動一致,
264,248,三本槍岳,さんぼんやりだけ,三本槍岳,,1917,三角点,福島県 栃木県,37.150142,139.961414,,,,,,,その他,
265,249,那須岳,なすだけ,那須岳,茶臼岳,1915,標高点,栃木県,37.124861,139.963135,1,,,,茶臼岳,百名山:手動,依頼者確認済,百名山: 主峰=茶臼岳1915m(第147・依頼者検品B)。連峰最高点の三本槍岳は248(1917m)
266,250,男鹿岳,おじかたけ,男鹿岳,,1777,三角点,福島県 栃木県,37.085312,139.822082,,,1,,,三百名山:自動(名前一致・標高一致・距離0.0km・県一致),自動一致,
267,251,大佐飛山,おおさびやま,大佐飛山,,1908,三角点,栃木県,37.063484,139.844451,,,,,,,その他,
268,252,高原山,たかはらやま,高原山,釈迦ヶ岳,1795,三角点,栃木県,36.899965,139.776761,,,1,,釈迦ヶ岳,三百名山:自動(名前一致・よみ一致・標高一致・距離0.0km・県一致),自動一致,
269,253-1,女峰山,にょほうさん,女峰山,,2483,標高点,栃木県,36.811457,139.536492,,1,,,,二百名山:自動(名前一致・よみ一致・標高一致・距離0.0km・県一致),自動一致,
270,253-2,女峰山（大真名子山）,にょほうさん（おおまなごさん）,女峰山,大真名子山,2375,三角点,栃木県,36.795257,139.507101,,,,,女峰山/大真名子山,,その他,
271,253-3,女峰山（小真名子山）,にょほうさん（こまなごさん）,女峰山,小真名子山,2323,三角点,栃木県,36.807263,139.510865,,,,,女峰山/小真名子山,,その他,
272,254,太郎山,たろうさん,太郎山,,2368,三角点,栃木県,36.817874,139.482780,,,1,,,三百名山:自動(名前一致・よみ一致・標高一致・距離0.0km・県一致),自動一致,
273,255,男体山,なんたいさん,男体山,,2486,測定点,栃木県,36.764951,139.490684,1,,,,,百名山:自動(名前一致・よみ一致・標高一致・県一致),自動一致,
274,256,奥白根山,おくしらねさん,白根山,,2578,標高点,群馬県 栃木県,36.798602,139.375921,1,,,,白根山,百名山:自動(名前部分一致・標高一致・県一致),目視確認済,百名山: 奥白根山=日光白根山(地理院は白根山2578m)
275,257,皇海山,すかいさん,皇海山,,2144,三角点,栃木県 群馬県,36.689863,139.336965,1,,,,,百名山:自動(名前一致・よみ一致・標高一致・県一致),自動一致,
276,258,庚申山,こうしんざん,庚申山,,1892,標高点,栃木県,36.673091,139.361280,,,,,,,その他,
277,259,袈裟丸山,けさまるやま,袈裟丸山,,1961,標高点,栃木県 群馬県,36.649389,139.327503,,,1,,,三百名山:自動(名前一致・よみ一致・標高一致・距離0.0km・県一致),自動一致,
278,260,横根山,よこねやま,横根山,,1373,三角点,栃木県,36.619807,139.522277,,,,,,,その他,
279,261-1,赤城山,あかぎやま,赤城山,黒檜山,1828,三角点,群馬県,36.560367,139.193270,1,,,,黒檜山,百名山:自動(名前一致・標高一致・県一致),自動一致,
280,261-2,赤城山（地蔵岳）,あかぎさん（じぞうだけ）,赤城山,地蔵岳,1674,三角点,群馬県,36.540999,139.177351,,,,,赤城山/地蔵岳,,その他,
281,262,博士山,はかせやま,博士山,,1482,三角点,福島県,37.363165,139.714751,,,,,,,その他,
282,263,小野岳,おのだけ,小野岳,,1383,三角点,福島県,37.325919,139.886589,,,,,,,その他,
283,264,七ヶ岳,ななつがたけ,七ヶ岳,,1636,三角点,福島県,37.124279,139.657482,,,1,,,三百名山:自動(名前一致・標高一致・距離0.0km・県一致),自動一致,
284,265,荒海山,あらかいざん,荒海山,,1581,標高点,福島県 栃木県,37.036071,139.643769,,,1,,荒海山（太郎岳）/太郎岳,三百名山:自動(名前一致・標高一致・距離0.0km・県一致),自動一致,
285,266,田代山,たしろやま,田代山,,1971,標高点,福島県,36.974394,139.478550,,,,,,,その他,
286,267,帝釈山,たいしゃくさん,帝釈山,,2060,三角点,福島県 栃木県,36.969811,139.459994,,1,,,,二百名山:自動(名前一致・よみ一致・標高一致・距離0.0km・県一致),自動一致,
287,268,黒岩山,くろいわやま,黒岩山,,2163,三角点,栃木県 群馬県,36.908751,139.393636,,,,,,,その他,
288,269,鬼怒沼山,きぬぬまやま,鬼怒沼山,,2141,三角点,栃木県 群馬県,36.882676,139.371703,,,,,,,その他,
289,270,会津朝日岳,あいづあさひだけ,会津朝日岳,,1624,三角点,福島県,37.221148,139.339661,,1,,,,二百名山:自動(名前一致・よみ一致・標高一致・距離0.0km・県一致),自動一致,
290,271,丸山岳,まるやまだけ,丸山岳,,1820,三角点,福島県,37.172743,139.334858,,,,,,,その他,
291,272,会津駒ヶ岳,あいづこまがだけ,駒ヶ岳,,2133,測定点,福島県,37.047574,139.353543,1,,,,駒ヶ岳,百名山:自動(名前部分一致・標高一致・県一致),目視確認済,百名山: 地理院は駒ヶ岳2133m(福島)
292,273,平ヶ岳,ひらがたけ,平ヶ岳,,2141,標高点,群馬県 新潟県,37.002089,139.170919,1,,,,,百名山:自動(名前一致・よみ一致・標高一致・県一致),自動一致,
293,274,景鶴山,けいづるやま,景鶴山,,2004,標高点,群馬県 新潟県,36.956884,139.210582,,,1,,,三百名山:自動(名前一致・よみ一致・標高一致・距離0.0km・県一致),自動一致,
294,275,燧岳,ひうちだけ,燧ヶ岳,柴安嵓,2356,測定点,福島県,36.955102,139.285334,1,,,,燧ヶ岳/柴安嵓,百名山:手動,手動指定,百名山: 同名の燧岳(青森・781m)ではなく尾瀬の燧ヶ岳(最高点=柴安嵓2356m)
295,276,至仏山,しぶつさん,至仏山,,2228,三角点,群馬県,36.903474,139.173248,1,,,,,百名山:自動(名前一致・よみ一致・標高一致・県一致),自動一致,
296,277,武尊山,ほたかやま,武尊山,,2158,三角点,群馬県,36.805189,139.132601,1,,,,,百名山:自動(名前一致・よみ一致・標高一致・県一致),自動一致,
297,278,御神楽岳,み2かぐらだけ,御神楽岳,,1386,三角点,新潟県,37.521877,139.425864,,1,,,,二百名山:自動(名前一致・よみ一致・標高一致・距離0.0km・県一致),自動一致,
298,279,粟ヶ岳,あわがたけ,粟ヶ岳,,1292,三角点,新潟県,37.555199,139.188723,,,1,,,三百名山:自動(名前一致・よみ一致・標高一致・距離0.0km・県一致),自動一致,
299,280,矢筈岳,やはずだけ,矢筈岳,,1257,三角点,新潟県,37.512363,139.266065,,,,,,,その他,
300,281,守門岳,すもんだけ,守門岳,,1537,三角点,新潟県,37.397687,139.136567,,1,,,,二百名山:自動(名前一致・よみ一致・標高一致・距離0.0km・県一致),自動一致,
301,282,浅草岳,あさくさだけ,浅草岳,,1585,三角点,新潟県 福島県,37.343588,139.233574,,,1,,,三百名山:自動(名前一致・よみ一致・標高一致・距離0.0km・県一致),自動一致,
302,283,毛猛山,けもうやま,毛猛山,,1517,三角点,福島県 新潟県,37.256704,139.175144,,,,,,,その他,
303,284,未丈ヶ岳,みじょうがたけ,未丈ヶ岳,,1553,三角点,新潟県,37.183319,139.189485,,,,,,,その他,
304,285,魚沼駒ヶ岳,うおぬまこまがたけ,駒ヶ岳,,2003,三角点,新潟県,37.123620,139.075249,1,,,,駒ヶ岳,百名山:自動(名前部分一致・標高一致・県一致),目視確認済,百名山: 魚沼駒ヶ岳=越後駒ヶ岳(地理院は駒ヶ岳2003m・新潟)。同標高の景鶴山とは別
305,286,八海山,はっかいさん,八海山,入道岳,1778,標高点,新潟県,37.103952,139.023999,,1,,,入道岳,二百名山:自動(名前一致・よみ一致・標高一致・距離0.1km・県一致),自動一致,
306,287,中ノ岳,なかのだけ,中ノ岳,,2085,三角点,新潟県,37.085261,139.077584,,1,,,,二百名山:自動(名前一致・標高一致・距離0.0km・県一致),自動一致,
307,288,荒沢岳,あらさわだけ,荒沢岳,,1968,三角点,新潟県,37.100451,139.148187,,1,,,,二百名山:自動(名前一致・よみ一致・標高一致・距離0.0km・県一致),自動一致,
308,289,下津川山,しもつごうやま,下津川山,,1928,三角点,新潟県 群馬県,36.994781,139.050047,,,,,,,その他,
309,290,巻機山,まきはたやま,巻機山,,1967,標高点,群馬県 新潟県,36.978551,138.964448,1,,,,,百名山:自動(名前一致・よみ一致・標高一致・県一致),自動一致,
310,291,大源太山,だいげんたさん,大源太山,,1598,標高点,新潟県,36.902626,138.927132,,,,,,,その他,
311,292-1,朝日岳,あさひだけ,朝日岳,,1945,三角点,群馬県,36.880662,138.972624,,,1,,,三百名山:自動(名前一致・よみ一致・標高一致・距離0.0km・県一致),自動一致,
312,292-2,朝日岳（白毛門）,あさひだけ（しらがもん）,朝日岳,白毛門,1720,標高点,群馬県,36.859586,138.967356,,,,,朝日岳/白毛門,,その他,
313,293-1,谷川岳（茂倉岳）,たにがわだけ（しげくらだけ）,谷川岳,茂倉岳,1978,標高点,群馬県 新潟県,36.849166,138.916666,,,,,谷川岳/茂倉岳,,その他,
314,293-2,谷川岳（一ノ倉岳）,たにがわだけ（いちのくらだけ）,谷川岳,一ノ倉岳,1974,三角点,群馬県 新潟県,36.847111,138.924363,,,,,谷川岳/一ノ倉岳,,その他,
315,293-3,谷川岳,たにがわだけ,谷川岳,オキノ耳,1977,標高点,群馬県 新潟県,36.837115,138.930157,1,,,,オキノ耳,百名山:手動,依頼者確認済,百名山: 最高点オキノ耳1977m(第147・依頼者検品A)。茂倉岳1978m・一ノ倉岳1974mは別峰
316,294,万太郎山,まんたろうさん,万太郎山,,1954,三角点,群馬県 新潟県,36.824152,138.879218,,,,,,,その他,
317,295,仙ノ倉山,せんのくらやま,仙ノ倉山,,2026,三角点,群馬県 新潟県,36.817468,138.839518,,1,,,,二百名山:自動(名前一致・よみ一致・標高一致・距離0.0km・県一致),自動一致,
318,296,吾妻耶山,あづまやさん,吾妻耶山,,1341,標高点,群馬県,36.746448,138.927349,,,,,,,その他,
319,297,苗場山,なえばさん,苗場山,,2145,三角点,新潟県 長野県,36.845937,138.690320,1,,,,,百名山:自動(名前一致・よみ一致・標高一致・県一致),自動一致,
320,298,佐武流山,さぶりゅうやま,佐武流山,,2192,三角点,新潟県 長野県,36.772288,138.670573,,1,,,,二百名山:自動(名前一致・よみ一致・標高一致・距離0.0km・県一致),自動一致,
321,299,白砂山,しらすなやま,白砂山,,2140,三角点,群馬県 長野県,36.738071,138.693474,,1,,,,二百名山:自動(名前一致・よみ一致・標高一致・距離0.0km・県一致),自動一致,
322,300,鳥甲山,とりかぶとやま,鳥甲山,,2038,三角点,長野県,36.839173,138.583986,,1,,,,二百名山:自動(名前一致・よみ一致・標高一致・距離0.0km・県一致),自動一致,
323,301,高社山（高井富士）,こうしゃさん（たかいふじ）,高社山,,1351,三角点,長野県,36.799269,138.403813,,,,,高井富士,,その他,
324,302-1,岩菅山（裏岩菅山）,いわすげやま（うらいわすごやま）,岩菅山,裏岩菅山,2341,標高点,長野県,36.752898,138.567803,,,,,岩菅山/裏岩菅山,,その他,
325,302-2,岩菅山,いわすげやま,岩菅山,,2295,三角点,長野県,36.742041,138.559524,,1,,,,二百名山:自動(名前一致・よみ一致・標高一致・距離0.0km・県一致),自動一致,
326,303,志賀山,しがやま,志賀山,,2037,標高点,長野県,36.700227,138.515575,,,,,,,その他,
327,304,笠ヶ岳,かさがたけ,笠ヶ岳,,2076,三角点,長野県,36.676633,138.481478,,,1,,,三百名山:自動(名前一致・標高一致・距離0.0km・県一致),自動一致,
328,305,横手山,よこてやま,横手山,,2307,標高点,群馬県 長野県,36.668919,138.525913,,,1,,,三百名山:自動(名前一致・よみ一致・標高一致・距離0.0km・県一致),自動一致,
329,306,白根山,しらねさん,白根山,,2160,標高点,群馬県,36.643948,138.527727,,,,,,,その他,
330,307,草津白根山,くさつしらねさん,本白根山,,2171,標高点,群馬県,36.622923,138.531722,1,,,,本白根山,百名山:自動(標高一致・県一致),目視確認済,百名山: 最高点=本白根山2171m(Wikipedia表と同じ)
331,308-1,四阿山,あずまやさん,四阿山,,2354,標高点,長野県 群馬県,36.541764,138.412969,1,,,,,百名山:自動(名前一致・よみ一致・標高一致・県一致),自動一致,
332,308-2,四阿山（根子岳）,あずまやさん（ねこだけ）,四阿山,根子岳,2207,標高点,長野県,36.549117,138.395272,,,,,四阿山/根子岳,,その他,
333,309,湯ノ丸山,ゆのまるやま,湯ノ丸山,,2101,標高点,長野県 群馬県,36.434743,138.400961,,,,,,,その他,
334,310,東篭ノ登山,ひがしかごのとやま,東篭ノ登山,,2228,三角点,長野県 群馬県,36.419305,138.447168,,,,,,,その他,
335,311,浅間山,あさまやま,浅間山,,2568,標高点,群馬県 長野県,36.406526,138.522963,1,,,,,百名山:自動(名前一致・よみ一致・標高一致・県一致),自動一致,
336,312,浅間隠山,あさまかくしやま,浅間隠山,,1757,三角点,群馬県,36.453704,138.652493,,1,,,,二百名山:自動(名前一致・よみ一致・標高一致・距離0.0km・県一致),自動一致,
337,313,鼻曲山,はなまがりやま,鼻曲山,,1655,標高点,群馬県,36.410874,138.645322,,,,,,,その他,
338,314,榛名山,はるなさん,榛名山,掃部ヶ岳,1449,標高点,群馬県,36.477402,138.850889,,1,,,掃部ヶ岳,二百名山:自動(名前一致・よみ一致・標高一致・距離0.0km・県一致),自動一致,
339,315,子持山,こもちやま,子持山,,1296,三角点,群馬県,36.591957,138.997692,,,,,,,その他,
340,316,妙義山,みょうぎさん,妙義山,相馬岳,1104,三角点,群馬県,36.298645,138.748852,,1,,,相馬岳,二百名山:自動(名前一致・よみ一致・標高一致・距離0.0km・県一致),自動一致,
341,317,荒船山,あらふねやま,荒船山,,1423,三角点,群馬県 長野県,36.203993,138.637127,,1,,,,二百名山:自動(名前一致・よみ一致・標高一致・距離0.0km・県一致),自動一致,
342,318,赤久縄山,あかぐなやま,赤久縄山,,1523,三角点,群馬県,36.143656,138.843288,,,,,,,その他,
343,319,西御荷鉾山,にしみかぼやま,西御荷鉾山,,1286,三角点,群馬県,36.152254,138.918307,,,,,,,その他,
344,320,二子山,ふたごやま,二子山,,1166,三角点,埼玉県,36.069643,138.863701,,,,,,,その他,
345,321,両神山,りょうかみさん,両神山,,1723,三角点,埼玉県,36.023400,138.841317,1,,,,,百名山:自動(名前一致・よみ一致・標高一致・県一致),自動一致,
346,322,御座山,おぐらさん,御座山,,2112,標高点,長野県,36.034105,138.606775,,1,,,,二百名山:自動(名前一致・よみ一致・標高一致・距離0.0km・県一致),自動一致,
347,323,三宝山,さんぽうさん,三宝山,,2483,三角点,埼玉県 長野県,35.917623,138.727832,,,,,,,その他,
348,324,甲武信岳,こぶしだけ,甲武信ヶ岳,,2475,標高点,埼玉県 山梨県 長野県,35.909115,138.728908,1,,,,甲武信ヶ岳,百名山:自動(標高一致・県一致),目視確認済,百名山: 表記違い: 甲武信岳=甲武信ヶ岳
349,325,横尾山,よこおやま,横尾山,,1818,三角点,山梨県 長野県,35.918768,138.521142,,,,,,,その他,
350,326,瑞牆山,みずがきやま,瑞牆山,,2230,標高点,山梨県,35.893455,138.592088,1,,,,,百名山:自動(名前一致・よみ一致・標高一致・県一致),自動一致,
351,327,金峰山,きんぷさん,金峰山,,2599,測定点,山梨県 長野県,35.871661,138.625530,1,,,,,百名山:自動(名前一致・よみ一致・標高一致・県一致),自動一致,
352,328,朝日岳,あさひだけ,朝日岳,,2579,標高点,山梨県 長野県,35.874632,138.642398,,,,,,,その他,
353,329,国師ヶ岳,こくしがたけ,国師ヶ岳,,2592,三角点,山梨県 長野県,35.870835,138.672966,,,1,,,三百名山:自動(名前一致・よみ一致・標高一致・距離0.0km・県一致),自動一致,
354,330,北奥千丈岳,きたおくせんじょうだけ,北奥千丈岳,,2601,標高点,山梨県,35.868604,138.670754,,,,,,,その他,
355,331,乾徳山,けんとくさん,乾徳山,,2031,標高点,山梨県,35.822776,138.714898,,1,,,,二百名山:自動(名前一致・よみ一致・標高一致・距離0.0km・県一致),自動一致,
356,332,小楢山,こならやま,小楢山,,1713,三角点,山梨県,35.781533,138.664198,,,,,,,その他,
357,333,茅ヶ岳,かやがだけ,茅ヶ岳,,1704,三角点,山梨県,35.795014,138.513772,,1,,,,二百名山:自動(名前一致・標高一致・距離0.0km・県一致),自動一致,
358,334,堂平山,どうだいらさん,堂平山,,876,三角点,埼玉県,36.005752,139.190071,,,,,,,その他,
359,335,武甲山,ぶこうさん,武甲山,,1304,測定点,埼玉県,35.951624,139.097796,,1,,,,二百名山:自動(名前一致・標高一致・距離0.0km・県一致),自動一致,
360,336,伊豆ヶ岳,いずがたけ,伊豆ヶ岳,,851,三角点,埼玉県,35.926873,139.160641,,,,,,,その他,
361,337,川乗山,かわのりやま,川乗山,,1363,三角点,東京都,35.850801,139.106883,,,,,,,その他,
362,338,酉谷山（天目山）,とりだにやま（てんもくさん）,酉谷山,,1718,三角点,埼玉県 東京都,35.897096,139.010309,,,,,天目山,,その他,
363,339,雲取山,くもとりやま,雲取山,,2017,三角点,埼玉県 東京都,35.855508,138.943913,1,,,,,百名山:自動(名前一致・よみ一致・標高一致・県一致),自動一致,
364,340,白石山,はくせきさん,白石山,,2036,三角点,埼玉県,35.899407,138.878015,,1,,,,二百名山:自動(名前一致・よみ一致・標高一致・距離0.0km・県一致),自動一致,
365,341,唐松尾山,からまつおやま,唐松尾山,,2109,三角点,埼玉県 山梨県,35.867685,138.845407,,,,,,,その他,
366,342,大洞山（飛龍山）,おおぼらやま（ひりゅうやま）,大洞山,,2077,標高点,埼玉県 山梨県,35.839787,138.892214,,,,,飛龍山,,その他,
367,343,鶏冠山（黒川山）,けいかんやま（くろかわやま）,鶏冠山,,1716,標高点,山梨県,35.788483,138.835644,,,,,黒川山,,その他,
368,344,大菩薩岳,だいぼさつだけ,大菩薩嶺,,2057,三角点,山梨県,35.748762,138.845506,1,,,,大菩薩嶺,百名山:自動(標高一致・県一致),目視確認済,百名山: 表記違い: 大菩薩岳=大菩薩嶺
369,345,小金沢山,こがねざわやま,小金沢山,,2014,三角点,山梨県,35.716946,138.856623,,,,,,,その他,
370,346,雁ケ腹摺山,がんがはらすりやま,雁ケ腹摺山,,1874,標高点,山梨県,35.686789,138.884831,,,,,,,その他,
371,347-1,権現山,ごんげんやま,権現山,,1312,三角点,山梨県,35.667872,139.021435,,,,,,,その他,
372,347-2,権現山（扇山）,ごんげんやま（おうぎやま）,権現山,扇山,1138,標高点,山梨県,35.637080,139.013417,,,,,権現山/扇山,,その他,
373,348,三頭山,みとうさん,三頭山,,1531,標高点,東京都,35.738944,139.013762,,,1,,,三百名山:自動(名前一致・よみ一致・標高一致・距離0.0km・県一致),自動一致,
374,349,大岳山,おおだけさん,大岳山,,1266,三角点,東京都,35.765220,139.130419,,1,,,,二百名山:自動(名前一致・よみ一致・標高一致・距離0.0km・県一致),自動一致,
375,350,陣馬山（陣場山）,じんばさん（じんばさん）,陣馬山,,855,標高点,東京都 神奈川県,35.652177,139.166546,,,,,陣場山,,その他,
376,351,高尾山,たかおさん,高尾山,,599,三角点,東京都,35.625166,139.243611,,,,,,,その他,
377,352,清澄山（妙見山）,きよすみやま（みょうけんやま）,清澄山,妙見山,377,標高点,千葉県,35.162267,140.152313,,,,,清澄山/妙見山,,その他,
378,353,鹿野山,かのうざん,鹿野山,,379,標高点,千葉県,35.255600,139.971855,,,,,,,その他,
379,354,鋸山,のこぎりやま,鋸山,,329,三角点,千葉県,35.160369,139.840864,,,,,,,その他,
380,355,富山,とみさん,富山,,349,三角点,千葉県,35.098850,139.881524,,,,,,,その他,
381,356,伊予ヶ岳,いよがたけ,伊予ヶ岳,,336,三角点,千葉県,35.107302,139.913976,,,,,,,その他,
382,357,愛宕山,あたごやま,愛宕山,,408,三角点,千葉県,35.114880,139.986821,,,,,,,その他,
383,358,大山,おおやま,大山,,193,三角点,千葉県,34.964189,139.777722,,,,,,,その他,
384,359,大楠山,おおぐすやま,大楠山,,241,三角点,神奈川県,35.250068,139.628076,,,,,,,その他,
385,360,大山,おおやま,大山,,1252,標高点,神奈川県,35.440835,139.231158,,,1,,,三百名山:自動(名前一致・よみ一致・標高一致・距離0.0km・県一致),自動一致,
386,361-1,丹沢山（蛭ヶ岳）,たんざわさん（ひるがたけ）,丹沢山,蛭ヶ岳,1673,標高点,神奈川県,35.486279,139.138865,,,,,丹沢山/蛭ヶ岳,,その他,
387,361-2,丹沢山,たんざわさん,丹沢山,,1567,三角点,神奈川県,35.474293,139.162680,1,,,,,百名山:手動,依頼者確認済,百名山: 名前の山=丹沢山1567m・三角点(第147・依頼者検品B)。山塊最高点の蛭ヶ岳は361-1(1673m)・塔ノ岳は361-3
388,361-3,丹沢山（塔ノ岳）,たんざわさん（とうのだけ）,丹沢山,塔ノ岳,1491,標高点,神奈川県,35.454059,139.163313,,,,,丹沢山/塔ノ岳,,その他,
389,362,大室山,おおむろやま,大室山,,1587,三角点,神奈川県 山梨県,35.510960,139.068580,,,,,,,その他,
390,363,御正体山,みしょうたいやま,御正体山,,1681,三角点,山梨県,35.486924,138.931607,,1,,,,二百名山:自動(名前一致・よみ一致・標高一致・距離0.0km・県一致),自動一致,
391,364,菰釣山,こもつるしやま,菰釣山,,1379,標高点,神奈川県 山梨県,35.463695,138.978497,,,,,,,その他,
392,365,三ッ峠山,みつとうげやま,三ツ峠山,,1785,三角点,山梨県,35.549272,138.809204,,1,,,三ツ峠山,二百名山:自動(名前一致・よみ一致・標高一致・距離0.0km・県一致),自動一致,
393,366-1,黒岳,くろだけ,黒岳,,1793,三角点,山梨県,35.552071,138.749436,,,1,,,三百名山:自動(名前一致・標高一致・距離0.0km・県一致),自動一致,
394,366-2,黒岳（釈迦ヶ岳）,くろたけ（しゃかがたけ）,黒岳,釈迦ヶ岳,1641,標高点,山梨県,35.562904,138.720940,,,,,黒岳/釈迦ヶ岳,,その他,
395,367,節刀ヶ岳,せっとうがたけ,節刀ヶ岳,,1736,標高点,山梨県,35.528490,138.683427,,,,,,,その他,
396,368,富士山,ふじさん,富士山,剣ヶ峯,3776,測定点,山梨県 静岡県,35.360738,138.727373,1,,,1,剣ヶ峯,百名山:自動(名前一致・よみ一致・標高一致・県一致) / 百高山:自動(名前一致・よみ一致・標高一致・県一致),自動一致,
397,369,愛鷹山,あしたかやま,愛鷹山,越前岳,1504,標高点,静岡県,35.238057,138.794016,,1,,,越前岳,二百名山:自動(名前一致・よみ一致・標高一致・距離0.0km・県一致),自動一致,
398,370,毛無山,けなしさん,毛無山,,1964,標高点,山梨県 静岡県,35.415833,138.543888,,1,,,,二百名山:自動(名前一致・距離0.0km・県一致),自動一致,
399,371,天子ヶ岳,てんしがたけ,天子ヶ岳,,1330,標高点,静岡県,35.329078,138.536708,,,,,,,その他,
400,372-1,箱根山,はこねやま,箱根山,神山,1438,三角点,神奈川県,35.233404,139.020872,,,1,,神山,三百名山:自動(名前一致・よみ一致・標高一致・距離0.0km・県一致),自動一致,
401,372-2,金時山,きんときざん,箱根山,金時山,1212,三角点,静岡県 神奈川県,35.289673,139.004866,,,1,,箱根山,三百名山:自動(名前一致・よみ一致・標高一致・距離0.0km・県一致),自動一致,
402,373,玄岳,くろたけ,玄岳,,798,三角点,静岡県,35.081670,139.028108,,,,,,,その他,
403,374,大室山,おおむろやま,大室山,,580,三角点,静岡県,34.903099,139.094653,,,,,,,その他,
404,375,天城山,あまぎさん,天城山,万三郎岳,1405,三角点,静岡県,34.862844,139.001803,1,,,,万三郎岳,百名山:自動(名前一致・よみ一致・標高一致・県一致),自動一致,
405,376,達磨山,だるまやま,達磨山,,982,三角点,静岡県,34.954989,138.839287,,,,,,,その他,
406,377,長九郎山,ちょうくろうやま,長九郎山,,996,三角点,静岡県,34.788372,138.867996,,,,,,,その他,
407,378,三原山（三原新山）,みはらやま（みはらしんざん）,三原山,三原新山,758,標高点,東京都,34.724493,139.394473,,,,,三原山/三原新山,,その他,
408,379,宮塚山,みやつかやま,宮塚山,,508,三角点,東京都,34.520410,139.279288,,,,,,,その他,
409,380,天上山,てんじょうさん,天上山,,572,三角点,東京都,34.219540,139.153171,,,,,,,その他,
410,381,雄山,おやま,雄山,,775,標高点,東京都,34.093581,139.526183,,,,,,,その他,
411,382,御山,おやま,御山,,851,三角点,東京都,33.874456,139.601835,,,,,,,その他,
412,383,西山（八丈富士）,にしやま（はちじょうふじ）,西山,,854,三角点,東京都,33.137040,139.766064,,,,,八丈富士,,その他,
413,384,硫黄山,いおうやま,硫黄山,,394,標高点,東京都,30.483860,140.302979,,,,,,,その他,
414,385,中央山,ちゅうおうざん,中央山,,319,三角点,東京都,27.073342,142.218704,,,,,,,その他,
415,386,乳房山,ちぶさやま,乳房山,,462,三角点,東京都,26.659541,142.161478,,,,,,,その他,
416,387,榊ヶ峰,さかきがみね,榊ヶ峰,,792,標高点,東京都,25.427729,141.281192,,,,,,,その他,
417,388,摺鉢山（パイプ山）,すりばちやま（ぱいぷやま）,摺鉢山,,172,標高点,東京都,24.750385,141.289110,,,,,パイプ山,,その他,
418,389,[南硫黄島],[みなみいおうとう],[南硫黄島],,916,標高点,東京都,24.233895,141.463556,,,,,,,その他,
419,390,金北山,きんぽくさん,金北山,,1172,三角点,新潟県,38.103882,138.349816,,,1,,,三百名山:自動(名前一致・よみ一致・標高一致・距離0.0km・県一致),自動一致,
420,391,大地山,おおちやま,大地山,,646,三角点,新潟県,37.958575,138.479710,,,,,,,その他,
421,392,弥彦山,やひこやま,弥彦山,,634,標高点,新潟県,37.704721,138.809053,,,,,,,その他,
422,393,米山,よねやま,米山,,992,三角点,新潟県,37.289540,138.483947,,,1,,,三百名山:自動(名前一致・よみ一致・標高一致・距離0.0km・県一致),自動一致,
423,394,黒姫山,くろひめさん,黒姫山,,891,標高点,新潟県,37.226080,138.592154,,,,,,,その他,
424,395,菱ヶ岳,ひしがたけ,菱ヶ岳,,1129,三角点,新潟県,37.032165,138.493284,,,,,,,その他,
425,396,斑尾山,まだらおやま,斑尾山,,1381,三角点,長野県,36.837396,138.274312,,,1,,,三百名山:自動(名前一致・よみ一致・標高一致・距離0.0km・県一致),自動一致,
426,397,鉾ヶ岳,ほこがたけ,鉾ヶ岳,,1316,三角点,新潟県,37.028665,138.026453,,,,,,,その他,
427,398,駒ヶ岳,こまがたけ,駒ヶ岳,,1498,標高点,新潟県,36.942751,137.948408,,,,,,,その他,
428,399,鋸岳,のこぎりだけ,鋸岳,,1631,三角点,新潟県,36.931868,137.968928,,,,,,,その他,
429,400,焼山,やけやま,焼山,,2400,三角点,新潟県,36.920958,138.035950,,,1,,,三百名山:自動(名前一致・よみ一致・標高一致・距離0.0km・県一致),自動一致,
430,401,雨飾山,あまかざりやま,雨飾山,,1963,三角点,新潟県 長野県,36.902021,137.962610,1,,,,,百名山:自動(名前一致・よみ一致・標高一致・県一致),自動一致,
431,402,火打山,ひうちやま,火打山,,2462,三角点,新潟県,36.922702,138.068122,1,,,,,百名山:自動(名前一致・よみ一致・標高一致・県一致),自動一致,
432,403,妙高山,みょうこうさん,妙高山,,2454,標高点,新潟県,36.891260,138.113457,1,,,,,百名山:自動(名前一致・よみ一致・標高一致・県一致),自動一致,
433,404,黒姫山,くろひめやま,黒姫山,,2053,標高点,長野県,36.813474,138.127183,,1,,,,二百名山:自動(名前一致・よみ一致・標高一致・距離0.0km・県一致),自動一致,
434,405,高妻山,たかつまやま,高妻山,,2353,三角点,新潟県 長野県,36.800046,138.051934,1,,,,,百名山:自動(名前一致・よみ一致・標高一致・県一致),自動一致,
435,406,戸隠山,とがくしやま,戸隠山,,1904,標高点,長野県,36.770389,138.055110,,1,,,,二百名山:自動(名前一致・よみ一致・標高一致・距離0.0km・県一致),自動一致,
436,407,飯縄山,いいづなやま,飯縄山,,1917,三角点,長野県,36.739437,138.133694,,1,,,飯縄山（飯綱山）/飯綱山,二百名山:自動(名前一致・標高一致・距離0.0km・県一致),自動一致,
437,408,虫倉山,むしくらやま,虫倉山,,1378,標高点,長野県,36.649806,138.018948,,,,,,,その他,
438,409,聖山,ひじりやま,聖山,,1447,三角点,長野県,36.484201,138.021415,,,,,,,その他,
439,410,冠着山（姨捨山）,かむりきやま（おばすてやま）,冠着山,,1252,三角点,長野県,36.468797,138.106660,,,,,姨捨山,,その他,
440,411,美ヶ原,うつくしがはら,美ヶ原,王ヶ頭,2034,三角点,長野県,36.225796,138.107445,1,,,,王ヶ頭,百名山:自動(名前一致・よみ一致・標高一致・県一致),自動一致,
441,412,鉢伏山,はちぶせやま,鉢伏山,,1929,三角点,長野県,36.163046,138.059154,,,1,,,三百名山:自動(名前一致・よみ一致・標高一致・距離0.0km・県一致),自動一致,
442,413,霧ヶ峰,きりがみね,霧ヶ峰,車山,1925,三角点,長野県,36.102894,138.196669,1,,,,車山,百名山:自動(名前一致・よみ一致・標高一致・県一致),自動一致,
443,414,蓼科山,たてしなやま,蓼科山,,2531,三角点,長野県,36.103729,138.295071,1,,,,,百名山:自動(名前一致・よみ一致・標高一致・県一致),自動一致,
444,415,横岳,よこだけ,横岳,,2480,標高点,長野県,36.087440,138.320056,,,,,,,その他,
445,416,縞枯山,しまがれやま,縞枯山,,2403,標高点,長野県,36.075319,138.331549,,,,,,,その他,
446,417,天狗岳,てんぐだけ,天狗岳,,2646,三角点,長野県,36.019171,138.355453,,1,,,,二百名山:自動(名前一致・よみ一致・標高一致・距離0.0km・県一致),自動一致,
447,418,峰の松目,みねのまつめ,峰の松目,,2568,三角点,長野県,35.996860,138.350526,,,,,,,その他,
448,419,硫黄岳,いおうだけ,硫黄岳,,2760,標高点,長野県,35.998776,138.369968,,,,1,,百高山:自動(名前一致・よみ一致・標高一致),自動一致,
449,420,横岳,よこだけ,横岳,,2830,測定点,長野県,35.985965,138.372841,,,,1,,百高山:自動(名前一致・よみ一致・標高一致・県一致),自動一致,
450,421,八ヶ岳,やつがたけ,赤岳,,2899,三角点,長野県 山梨県,35.970797,138.370067,1,,,1,赤岳,百名山:自動(標高一致・県一致) / 百高山:自動(名前一致・よみ一致・標高一致・県一致),目視確認済,百名山: 八ヶ岳の最高点=赤岳2899m
451,422,阿弥陀岳,あみだだけ,阿弥陀岳,,2805,標高点,長野県,35.972453,138.358797,,,,1,,百高山:自動(名前一致・よみ一致・標高一致),自動一致,
452,423-1,権現岳,ごんげんだけ,権現岳,,2715,標高点,山梨県,35.949802,138.359742,,,,1,,百高山:自動(名前一致・よみ一致・標高一致),自動一致,
453,423-2,権現岳（西岳）,ごんげんだけ（にしだけ）,権現岳,西岳,2398,標高点,長野県,35.950099,138.335031,,,,,権現岳/西岳,,その他,
454,423-3,権現岳（三ッ頭）,ごんげんだけ（みつがしら）,権現岳,三ッ頭,2580,標高点,山梨県,35.942263,138.363961,,,,,権現岳/三ッ頭,,その他,
455,424,編笠山,あみがさやま,編笠山,,2524,三角点,山梨県 長野県,35.941696,138.345057,,,,,,,その他,
456,425,黒姫山,くろひめやま,黒姫山,,1221,三角点,新潟県,36.976628,137.790069,,,1,,,三百名山:自動(名前一致・よみ一致・標高一致・距離0.0km・県一致),自動一致,
457,426,明星山,みょうじょうさん,明星山,,1188,三角点,新潟県,36.940895,137.821852,,,,,,,その他,
458,427,犬ヶ岳,いぬがたけ,犬ヶ岳,,1592,三角点,新潟県 富山県,36.906887,137.715599,,,,,,,その他,
459,428,朝日岳,あさひだけ,朝日岳,,2418,三角点,新潟県 富山県,36.826738,137.729884,,,1,,,三百名山:自動(名前一致・よみ一致・標高一致・距離0.0km・県一致),自動一致,
460,429,雪倉岳,ゆきくらだけ,雪倉岳,,2611,三角点,新潟県 富山県,36.794644,137.754036,,1,,,,二百名山:自動(名前一致・よみ一致・標高一致・距離0.0km・県一致),自動一致,
461,430,鉢ヶ岳,はちがだけ,鉢ヶ岳,,2563,標高点,新潟県 富山県,36.780197,137.749502,,,,,,,その他,
462,431,小蓮華山,これんげさん,小蓮華山,,2766,測定点,新潟県 長野県,36.773521,137.775970,,,,1,,百高山:自動(名前一致・よみ一致・標高一致),自動一致,
463,432,乗鞍岳,のりくらだけ,乗鞍岳,,2469,標高点,新潟県 長野県,36.788274,137.799157,,,,,,,その他,
464,433,風吹岳,かざふきだけ,風吹岳,,1888,標高点,長野県,36.814216,137.839021,,,,,,,その他,
465,434,白馬岳,しろうまだけ,白馬岳,,2932,三角点,富山県 長野県,36.758510,137.758555,1,,,1,,百名山:自動(名前一致・よみ一致・標高一致・県一致) / 百高山:自動(名前一致・よみ一致・標高一致・県一致),自動一致,
466,435,旭岳,あさひだけ,旭岳,,2867,標高点,富山県,36.757603,137.745854,,,,1,,百高山:自動(名前一致・よみ一致・標高一致・県一致),自動一致,
467,436,清水岳,しょうずだけ,清水岳,,2603,標高点,富山県,36.764724,137.718944,,,,,,,その他,
468,437,杓子岳,しゃくしだけ,杓子岳,,2812,標高点,富山県 長野県,36.740596,137.759288,,,,1,,百高山:自動(名前一致・よみ一致・標高一致),自動一致,
469,438,白馬鑓ヶ岳,はくばやりがたけ,鑓ヶ岳,,2903,三角点,富山県 長野県,36.731353,137.755357,,,,1,鑓ヶ岳,百高山:自動(名前部分一致・標高一致・県一致),目視確認済,百高山: 表記違い: 白馬鑓ヶ岳=鑓ヶ岳2903m
470,439,唐松岳,からまつだけ,唐松岳,,2696,三角点,富山県 長野県,36.687234,137.754685,,,1,1,,三百名山:自動(名前一致・よみ一致・標高一致・距離0.0km・県一致) / 百高山:自動(名前一致・よみ一致・標高一致),自動一致,
471,440,五竜岳,ごりゅうだけ,五龍岳,,2814,標高点,富山県,36.658407,137.752691,1,,,1,五龍岳,百名山:自動(名前一致・よみ一致・標高一致・県一致) / 百高山:自動(名前一致・よみ一致・標高一致),自動一致,
472,441,鹿島槍岳,かしまやりだけ,鹿島槍ヶ岳,,2889,三角点,富山県 長野県,36.624553,137.747058,1,,,1,鹿島槍ヶ岳,百名山:自動(標高一致・県一致) / 百高山:自動(名前一致・よみ一致・標高一致・県一致),目視確認済,百名山: 表記違い: 鹿島槍岳=鹿島槍ヶ岳
473,442,爺ヶ岳,じいがたけ,爺ヶ岳,,2670,三角点,富山県 長野県,36.588301,137.750922,,,1,1,,三百名山:自動(名前一致・よみ一致・標高一致・距離0.0km・県一致) / 百高山:自動(名前一致・よみ一致・標高一致),自動一致,
474,443,岩小屋沢岳,いわこやざわだけ,岩小屋沢岳,,2630,三角点,富山県 長野県,36.577009,137.713385,,,,,,,その他,
475,444,鳴沢岳,なるさわだけ,鳴沢岳,,2641,標高点,富山県 長野県,36.568794,137.695448,,,,,,,その他,
476,445,赤沢岳,あかさわだけ,赤沢岳,,2678,三角点,富山県 長野県,36.561954,137.687554,,,,1,,百高山:自動(名前一致・標高一致),自動一致,
477,446,スバリ岳,すばりだけ,スバリ岳,,2752,標高点,富山県 長野県,36.544364,137.684855,,,,1,,百高山:自動(名前一致・よみ一致・標高一致),自動一致,
478,447,針ノ木岳,はりのきだけ,針ノ木岳,,2821,三角点,富山県 長野県,36.538077,137.684427,,1,,1,,二百名山:自動(名前一致・よみ一致・標高一致・距離0.0km・県一致) / 百高山:自動(名前一致・よみ一致・標高一致・県一致),自動一致,
479,448,蓮華岳,れんげだけ,蓮華岳,,2799,三角点,富山県 長野県,36.535747,137.710543,,,1,1,,三百名山:自動(名前一致・よみ一致・標高一致・距離0.0km・県一致) / 百高山:自動(名前一致・よみ一致・標高一致),自動一致,
480,449,北葛岳,きたくずだけ,北葛岳,,2551,標高点,富山県 長野県,36.517660,137.705546,,,,,,,その他,
481,450,不動岳,ふどうだけ,不動岳,,2601,標高点,富山県 長野県,36.495459,137.667455,,,,,,,その他,
482,451,南沢岳,みなみさわだけ,南沢岳,,2625,三角点,富山県 長野県,36.489886,137.653133,,,,,,,その他,
483,452,烏帽子岳,えぼしだけ,烏帽子岳,,2628,標高点,富山県 長野県,36.479510,137.650918,,1,,,,二百名山:自動(名前一致・よみ一致・標高一致・距離0.0km・県一致),自動一致,
484,453,三ツ岳,みつだけ,三ッ岳,,2845,三角点,富山県 長野県,36.454773,137.649436,,,,1,三ッ岳,百高山:自動(名前一致・よみ一致・標高一致・県一致),自動一致,
485,454,野口五郎岳,のぐちごろうだけ,野口五郎岳,,2924,三角点,富山県 長野県,36.432683,137.637903,,,1,1,,三百名山:自動(名前一致・よみ一致・標高一致・距離0.0km・県一致) / 百高山:自動(名前一致・よみ一致・標高一致・県一致),自動一致,
486,455,南真砂岳,まさごだけ,南真砂岳,,2713,標高点,長野県,36.413473,137.641746,,,,1,,百高山:自動(名前一致・標高一致),自動一致,
487,456,赤牛岳,あかうしだけ,赤牛岳,,2864,三角点,富山県,36.461590,137.603289,,1,,1,,二百名山:自動(名前一致・よみ一致・標高一致・距離0.0km・県一致) / 百高山:自動(名前一致・よみ一致・標高一致・県一致),自動一致,
488,457,黒岳,くろだけ,水晶岳,,2986,標高点,富山県,36.426363,137.602779,1,,,1,水晶岳（黒岳）,百名山:手動 / 百高山:自動(名前一致・標高一致・県一致),手動指定,百名山: 百名山の黒岳=水晶岳(黒岳)2986m
489,458,祖父岳,じいだけ,祖父岳,,2825,標高点,富山県,36.411172,137.591183,,,,1,,百高山:自動(名前一致・よみ一致・標高一致・県一致),自動一致,
490,459,鷲羽岳,わしばだけ,鷲羽岳,,2924,三角点,富山県 長野県,36.402996,137.605250,1,,,1,,百名山:自動(名前一致・よみ一致・標高一致・県一致) / 百高山:自動(名前一致・よみ一致・標高一致・県一致),自動一致,
491,460,三俣蓮華岳,みつまたれんげだけ,三俣蓮華岳,,2841,三角点,富山県 岐阜県 長野県,36.389989,137.587734,,,1,1,,三百名山:自動(名前一致・よみ一致・標高一致・距離0.0km・県一致) / 百高山:自動(名前一致・よみ一致・標高一致・県一致),自動一致,
492,461,僧ヶ岳,そうがだけ,僧ヶ岳,,1855,三角点,富山県,36.761720,137.563713,,,,,,,その他,
493,462,毛勝山,けかちやま,毛勝山,,2414,三角点,富山県,36.701111,137.590844,,1,,,,二百名山:自動(名前一致・標高一致・距離0.0km・県一致),自動一致,
494,463,猫又山,ねこまたやま,猫又山,,2378,三角点,富山県,36.681223,137.590383,,,,,,,その他,
495,464,池平山,いけのだいらやま,池平山,,2561,標高点,富山県,36.641447,137.625404,,,,,,,その他,
496,465,剱岳,つるぎだけ,剱岳,,2999,測定点,富山県,36.623248,137.616878,1,,,1,,百名山:自動(名前一致・よみ一致・標高一致・県一致) / 百高山:自動(名前一致・よみ一致・標高一致・県一致),自動一致,
497,466,別山,べっさん,別山,,2880,標高点,富山県,36.597537,137.620403,,,,1,,百高山:自動(名前一致・よみ一致・標高一致・県一致),自動一致,
498,467,剣御前,つるぎごぜん,剱御前,,2777,三角点,富山県,36.602429,137.608842,,,,1,剱御前,百高山:自動(名前一致・よみ一致・標高一致),自動一致,
499,468,奥大日岳,おくだいにちだけ,奥大日岳,,2611,標高点,富山県,36.598373,137.580978,,1,,,,二百名山:自動(名前一致・よみ一致・標高一致・距離0.0km・県一致),自動一致,
500,469,大日岳,だいにちだけ,大日岳,,2501,標高点,富山県,36.599456,137.549885,,,,,,,その他,
501,470,真砂岳,まさごだけ,真砂岳,,2861,標高点,富山県,36.586688,137.619969,,,,1,,百高山:自動(名前一致・よみ一致・標高一致・県一致),自動一致,
502,471,立山本峰,たてやま,立山,大汝山,3015,標高点,富山県,36.575959,137.619808,1,,,1,立山/大汝山/立山（大汝山）,百名山:自動(名前部分一致・よみ一致・標高一致・県一致) / 百高山:自動(名前一致・よみ一致・標高一致・県一致),自動一致,
503,472,国見岳,くにみだけ,国見岳,,2621,三角点,富山県,36.571238,137.589759,,,,,,,その他,
504,473-1,龍王岳,りゅうおうだけ,龍王岳,,2872,標高点,富山県,36.564724,137.607190,,,,1,,百高山:自動(名前一致・よみ一致・標高一致・県一致),自動一致,
505,473-2,龍王岳（浄土山）,りゅうおうだけ（じょうどさん）,龍王岳,浄土山,2831,標高点,富山県,36.568474,137.603709,,,,,龍王岳/浄土山,,その他,
506,474,鷲岳,わしだけ,鷲岳,,2617,標高点,富山県,36.541850,137.587149,,,,,,,その他,
507,475,鳶山,とんびやま,鳶山,,2616,標高点,富山県,36.534249,137.586020,,,,,,,その他,
508,476,越中沢岳,えっちゅうざわだけ,越中沢岳,,2592,三角点,富山県,36.515037,137.583009,,,,,,,その他,
509,477,鍬崎山,くわさきやま,鍬崎山,,2090,三角点,富山県,36.539915,137.478028,,,1,,,三百名山:自動(名前一致・よみ一致・標高一致・距離0.0km・県一致),自動一致,
510,478,薬師岳,やくしだけ,薬師岳,,2926,三角点,富山県,36.468841,137.544800,1,,,1,,百名山:自動(名前一致・よみ一致・標高一致・県一致) / 百高山:自動(名前一致・よみ一致・標高一致・県一致),自動一致,
511,479,北ノ俣岳（上ノ岳）,きたのまただけ（かみのだけ）,北ノ俣岳,,2662,標高点,富山県 岐阜県,36.421042,137.512379,,,,,上ノ岳,,その他,
512,480,黒部五郎岳,くろべごろうだけ,黒部五郎岳,,2840,三角点,富山県 岐阜県,36.392550,137.539948,1,,,1,黒部五郎岳（中ノ俣岳）/中ノ俣岳,百名山:自動(名前一致・標高一致・県一致) / 百高山:自動(名前一致・標高一致・県一致),自動一致,
513,481,双六岳,すごろくだけ,双六岳,,2860,三角点,長野県 岐阜県,36.371857,137.587134,,,,1,,百高山:自動(名前一致・よみ一致・標高一致・県一致),自動一致,
514,482,樅沢岳,もみさわだけ,樅沢岳,,2755,標高点,長野県 岐阜県,36.366573,137.607869,,,,1,,百高山:自動(名前一致・よみ一致・標高一致),自動一致,
515,483,弓折岳,ゆみおりだけ,弓折岳,,2592,標高点,岐阜県,36.349536,137.596538,,,,,,,その他,
516,484,抜戸岳,ぬけどだけ,抜戸岳,,2813,三角点,岐阜県,36.327665,137.575135,,,,1,,百高山:自動(名前一致・よみ一致・標高一致),自動一致,
517,485,笠ヶ岳,かさがだけ,笠ヶ岳,,2897,三角点,岐阜県,36.315477,137.550401,1,,,1,,百名山:自動(名前一致・標高一致・県一致) / 百高山:自動(名前一致・よみ一致・標高一致・県一致),目視確認済,百名山: 岐阜の笠ヶ岳2897m(同名の笠ヶ岳304[群馬]とは別)
518,486,錫杖岳,しゃくじょうだけ,錫杖岳,,2168,標高点,岐阜県,36.281944,137.547222,,,,,,,その他,
519,487,硫黄岳,いおうだけ,硫黄岳,,2554,三角点,長野県,36.380614,137.650609,,,,,,,その他,
520,488,唐沢岳,からさわだけ,唐沢岳,,2632,三角点,長野県,36.461169,137.716737,,,,,,,その他,
521,489,餓鬼岳,がきだけ,餓鬼岳,,2647,三角点,長野県,36.447226,137.736029,,1,,,,二百名山:自動(名前一致・よみ一致・標高一致・距離0.0km・県一致),自動一致,
522,490,燕岳,つばくろだけ,燕岳,,2763,三角点,長野県,36.406817,137.712756,,1,,1,,二百名山:自動(名前一致・よみ一致・標高一致・距離0.0km・県一致) / 百高山:自動(名前一致・よみ一致・標高一致),自動一致,
523,491,有明山,ありあけやま,有明山,,2268,三角点,長野県,36.391087,137.770678,,1,,,,二百名山:自動(名前一致・よみ一致・標高一致・距離0.0km・県一致),自動一致,
524,492,大天井岳,おてんしょうだけ,大天井岳,,2922,三角点,長野県,36.364989,137.701124,,1,,1,,二百名山:自動(名前一致・標高一致・距離0.0km・県一致) / 百高山:自動(名前一致・標高一致・県一致),自動一致,
525,493,東天井岳,ひがしてんじょうだけ,東天井岳,,2814,標高点,長野県,36.353409,137.715563,,,,1,,百高山:自動(名前一致・よみ一致・標高一致),自動一致,
526,494,横通岳,よことおしだけ,横通岳,,2767,三角点,長野県,36.342610,137.726983,,,,1,,百高山:自動(名前一致・よみ一致・標高一致),自動一致,
527,495,常念岳,じょうねんだけ,常念岳,,2857,標高点,長野県,36.325524,137.727592,1,,,1,,百名山:自動(名前一致・よみ一致・標高一致・県一致) / 百高山:自動(名前一致・よみ一致・標高一致・県一致),自動一致,
528,496,蝶ヶ岳,ちょうがたけ,蝶ヶ岳,,2677,標高点,長野県,36.287421,137.726084,,,,1,,百高山:自動(名前一致・よみ一致・標高一致),自動一致,
529,497,大滝山,おおたきやま,大滝山,,2616,標高点,長野県,36.274092,137.743253,,,,,,,その他,
530,498,赤岩岳,あかいわだけ,赤岩岳,,2769,三角点,長野県,36.343339,137.684050,,,,1,,百高山:自動(名前一致・よみ一致・標高一致),自動一致,
531,499,西岳,にしだけ,西岳,,2758,標高点,長野県,36.337249,137.679658,,,,1,,百高山:自動(名前一致・よみ一致・標高一致),自動一致,
532,500,赤沢山,あかさわやま,赤沢山,,2670,三角点,長野県,36.329192,137.679755,,,,1,,百高山:自動(名前一致・よみ一致・標高一致),自動一致,
533,501,槍ヶ岳,やりがたけ,槍ヶ岳,,3180,標高点,長野県,36.342024,137.647643,1,,,1,,百名山:自動(名前一致・よみ一致・標高一致・県一致) / 百高山:自動(名前一致・よみ一致・標高一致・県一致),自動一致,
534,502,大喰岳,おおばみだけ,大喰岳,,3101,標高点,長野県 岐阜県,36.335859,137.646054,,,,1,,百高山:自動(名前一致・よみ一致・標高一致・県一致),自動一致,
535,503,中岳,なかだけ,中岳,,3084,標高点,長野県 岐阜県,36.329819,137.646699,,,,1,,百高山:手動,手動指定,百高山: 北アルプス(槍ヶ岳南)の中岳3084m。荒川中岳(577-1)と区別
536,504,南岳,みなみだけ,南岳,,3033,三角点,長野県 岐阜県,36.319012,137.650732,,,,1,,百高山:自動(名前一致・よみ一致・標高一致・県一致),自動一致,
537,505,北穂高岳,きたほたかだけ,北穂高岳,,3106,標高点,長野県 岐阜県,36.302540,137.652029,,,,1,,百高山:自動(名前一致・よみ一致・標高一致・県一致),自動一致,
538,506,涸沢岳,からさわだけ,涸沢岳,,3110,標高点,長野県 岐阜県,36.295845,137.647130,,,,1,,百高山:自動(名前一致・よみ一致・標高一致・県一致),自動一致,
539,507,穂高岳,ほたかだけ,奥穂高岳,,3190,標高点,長野県 岐阜県,36.289226,137.647988,1,,,1,奥穂高岳,百名山:自動(名前部分一致・標高一致・県一致) / 百高山:自動(名前一致・よみ一致・標高一致・県一致),目視確認済,百名山: 穂高岳の最高点=奥穂高岳3190m
540,508,前穂高岳,まえほたかだけ,前穂高岳,,3090,三角点,長野県,36.281979,137.660574,,,,1,,百高山:自動(名前一致・よみ一致・標高一致・県一致),自動一致,
541,509,西穂高岳,にしほたかだけ,西穂高岳,,2909,三角点,長野県 岐阜県,36.278994,137.629062,,,,1,,百高山:自動(名前一致・よみ一致・標高一致・県一致),自動一致,
542,510,焼岳,やけだけ,焼岳,,2455,三角点,長野県 岐阜県,36.226864,137.587067,1,,,,,百名山:自動(名前一致・よみ一致・標高一致・県一致),自動一致,
543,511,霞沢岳,かすみざわだけ,霞沢岳,,2646,三角点,長野県,36.221205,137.640601,,1,,,,二百名山:自動(名前一致・よみ一致・標高一致・距離0.0km・県一致),自動一致,
544,512,十石山,じゅっこくやま,十石山,,2525,三角点,長野県 岐阜県,36.163593,137.590530,,,,,,,その他,
545,513,輝山,てらしやま,輝山,,2063,三角点,岐阜県,36.194134,137.522112,,,,,,,その他,
546,514,乗鞍岳,のりくらだけ,乗鞍岳,剣ヶ峰,3026,三角点,岐阜県 長野県,36.106487,137.553634,1,,,1,剣ヶ峰,百名山:自動(名前一致・よみ一致・標高一致・県一致) / 百高山:自動(名前一致・よみ一致・標高一致),自動一致,
547,515,鎌ヶ峰,かまがみね,鎌ヶ峰,,2121,三角点,長野県 岐阜県,36.026598,137.599091,,,,,,,その他,
548,516,鉢盛山,はちもりやま,鉢盛山,,2447,三角点,長野県,36.086649,137.754849,,,1,,,三百名山:自動(名前一致・よみ一致・標高一致・距離0.0km・県一致),自動一致,
549,517,御嶽山,おんたけさん,御嶽山,剣ヶ峰,3067,測定点,長野県,35.893014,137.480439,1,,,1,剣ヶ峰,百名山:自動(名前一致・よみ一致・標高一致・県一致) / 百高山:自動(名前一致・よみ一致・標高一致・県一致),自動一致,
550,518,小秀山,こひでやま,小秀山,,1982,三角点,長野県 岐阜県,35.785438,137.397006,,1,,,,二百名山:自動(名前一致・よみ一致・標高一致・距離0.0km・県一致),自動一致,
551,519,奥三界岳,おくさんがいだけ,奥三界岳,,1811,三角点,岐阜県 長野県,35.681606,137.507219,,,1,,,三百名山:自動(名前一致・よみ一致・標高一致・距離0.0km・県一致),自動一致,
552,520,尾城山,おしろやま,尾城山,,1133,三角点,岐阜県,35.695967,137.343770,,,,,,,その他,
553,521,二ッ森山,ふたつもりやま,二ッ森山,,1223,三角点,岐阜県,35.571896,137.400381,,,,,,,その他,
554,522,経ヶ岳,きょうがたけ,経ヶ岳,,2296,三角点,長野県,35.912816,137.862633,,1,,,,二百名山:自動(名前一致・よみ一致・標高一致・距離0.0km・県一致),自動一致,
555,523,大棚入山,おおだないりやま,大棚入山,,2375,三角点,長野県,35.848077,137.810099,,,,,,,その他,
556,524-1,将棊頭山,しょうぎがしらやま,将棊頭山,,2730,標高点,長野県,35.803393,137.827058,,,,1,,百高山:自動(名前一致・よみ一致・標高一致),自動一致,
557,524-2,将棊頭山（茶臼山）,しょうぎがしらやま（ちゃうすやま）,将棊頭山,茶臼山,2658,標高点,長野県,35.814920,137.821546,,,,,将棊頭山/茶臼山,,その他,
558,525-1,木曽駒ヶ岳,きそこまがたけ,駒ヶ岳,,2956,三角点,長野県,35.789550,137.804574,1,,,1,駒ヶ岳,百名山:自動(名前部分一致・標高一致・県一致) / 百高山:自動(名前部分一致・標高一致・県一致),目視確認済,百名山: 地理院は駒ヶ岳2956m(長野・木曽) / 百高山: 地理院は駒ヶ岳2956m(長野・木曽)
559,525-2,駒ヶ岳（宝剣岳）,こまがたけ（ほうけんだけ）,駒ヶ岳,宝剣岳,2931,標高点,長野県,35.781411,137.809181,,,,,駒ヶ岳/宝剣岳,,その他,
560,525-3,駒ヶ岳（麦草岳）,こまがたけ（むぎくさだけ）,駒ヶ岳,麦草岳,2733,標高点,長野県,35.796716,137.786056,,,,,駒ヶ岳/麦草岳,,その他,
561,526,三ノ沢岳,さんのさわだけ,三沢岳,,2847,三角点,長野県,35.766737,137.794028,,,,1,三沢岳,百高山:自動(よみ一致・標高一致・県一致),自動一致,
562,527,檜尾岳,ひのきおだけ,檜尾岳,,2728,三角点,長野県,35.751982,137.813288,,,,1,,百高山:自動(名前一致・よみ一致・標高一致),自動一致,
563,528,熊沢岳,くまざわだけ,熊沢岳,,2778,標高点,長野県,35.739330,137.803313,,,,1,,百高山:自動(名前一致・よみ一致・標高一致),自動一致,
564,529,東川岳,ひがしかわだけ,東川岳,,2671,標高点,長野県,35.725542,137.805523,,,,1,,百高山:自動(名前一致・よみ一致・標高一致),自動一致,
565,530,空木岳,うつぎだけ,空木岳,,2864,三角点,長野県,35.718979,137.817092,1,,,1,,百名山:自動(名前一致・よみ一致・標高一致・県一致) / 百高山:自動(名前一致・よみ一致・標高一致・県一致),自動一致,
566,531-1,南駒ヶ岳,みなみこまがたけ,南駒ヶ岳,,2841,標高点,長野県,35.701424,137.810742,,1,,1,,二百名山:自動(名前一致・よみ一致・標高一致・距離0.0km・県一致) / 百高山:自動(名前一致・よみ一致・標高一致・県一致),自動一致,
567,531-2,南駒ヶ岳（赤梛岳）,みなみこまがたけ（あかなぎだけ）,南駒ヶ岳,赤梛岳,2798,標高点,長野県,35.706333,137.815423,,,,,南駒ヶ岳/赤梛岳,,その他,
568,532,仙涯嶺,せんがいれい,仙涯嶺,,2734,標高点,長野県,35.692319,137.813596,,,,1,,百高山:自動(名前一致・よみ一致・標高一致),自動一致,
569,533,越百山,こすもやま,越百山,,2614,三角点,長野県,35.679414,137.803255,,,1,,,三百名山:自動(名前一致・よみ一致・標高一致・距離0.0km・県一致),自動一致,
570,534,安平路山,あんぺいじやま,安平路山,,2363,三角点,長野県,35.630424,137.774372,,1,,,,二百名山:自動(名前一致・よみ一致・標高一致・距離0.0km・県一致),自動一致,
571,535,摺古木山,すりこぎやま,摺古木山,,2169,三角点,長野県,35.612898,137.737595,,,,,,,その他,
572,536,南木曽岳,なぎそだけ,南木曽岳,,1679,標高点,長野県,35.592555,137.644409,,,1,,,三百名山:自動(名前一致・よみ一致・標高一致・距離0.0km・県一致),自動一致,
573,537,風越山（権現山）,ふうえつざん（ごんげんやま）,風越山,,1535,三角点,長野県,35.549474,137.783810,,,,,権現山,,その他,
574,538,恵那山,えなさん,恵那山,,2191,標高点,長野県 岐阜県,35.443044,137.597891,1,,,,,百名山:自動(名前一致・よみ一致・標高一致・県一致),自動一致,
575,539,守屋山,もりやさん,守屋山,,1651,三角点,長野県,35.967516,138.093406,,,,,,,その他,
576,540,入笠山,にゅうがさやま,入笠山,,1955,三角点,長野県,35.896323,138.171603,,,1,,,三百名山:自動(名前一致・標高一致・距離0.0km・県一致),自動一致,
577,541,鋸岳,のこぎりだけ,鋸岳,,2685,標高点,山梨県 長野県,35.779000,138.210073,,1,,1,,二百名山:自動(名前一致・よみ一致・標高一致・距離0.0km・県一致) / 百高山:自動(名前一致・よみ一致・標高一致),自動一致,
578,542,甲斐駒ヶ岳,かいこまがたけ,駒ヶ岳,,2967,標高点,山梨県 長野県,35.758009,138.236688,1,,,1,駒ヶ岳,百名山:自動(名前部分一致・標高一致・県一致) / 百高山:自動(名前部分一致・標高一致・県一致),目視確認済,百名山: 地理院は駒ヶ岳2967m(山梨/長野) / 百高山: 地理院は駒ヶ岳2967m(山梨/長野)
579,543,駒津峰,こまつみね,駒津峰,,2752,標高点,山梨県 長野県,35.754680,138.230836,,,,1,,百高山:自動(名前一致・よみ一致・標高一致),自動一致,
580,544,双児山,ふたごやま,双児山,,2649,標高点,山梨県 長野県,35.750668,138.221499,,,,,,,その他,
581,545-1,アサヨ峰,あさよみね,アサヨ峰,,2799,三角点,山梨県,35.731697,138.241327,,,1,1,,三百名山:自動(名前一致・よみ一致・標高一致・距離0.0km・県一致) / 百高山:自動(名前一致・よみ一致・標高一致),自動一致,
582,545-2,アサヨ峰（栗沢山）,あさよみね（くりさわやま）,アサヨ峰,栗沢山,2714,標高点,山梨県,35.737895,138.234230,,,,,アサヨ峰/栗沢山,,その他,
583,546,高嶺,たかみね,高嶺,,2779,三角点,山梨県,35.709766,138.287708,,,,1,,百高山:自動(名前一致・標高一致),自動一致,
584,547,地蔵岳（鳳凰山）,じぞうだけ,地蔵ヶ岳,,2764,標高点,山梨県,35.712020,138.298738,,,,1,地蔵ヶ岳,百高山:手動,手動指定,百高山: 鳳凰山の地蔵ヶ岳2764m
585,548,鳳凰山,ほうおうざん,観音ヶ岳,,2841,三角点,山梨県,35.701730,138.304594,1,,,1,観音ヶ岳/観音岳（鳳凰山）,百名山:自動(標高一致・県一致) / 百高山:自動(標高一致・県一致),目視確認済,百名山: 鳳凰山の最高点=観音ヶ岳2841m(百名山の表は2840m) / 百高山: 表記違い: 観音岳=観音ヶ岳
586,549,薬師岳（鳳凰山）,やくしだけ,薬師ヶ岳,,2780,標高点,山梨県,35.695922,138.311643,,,,1,薬師ヶ岳,百高山:手動,手動指定,百高山: 鳳凰山の薬師ヶ岳2780m
587,550,辻山,つじやま,辻山,,2585,三角点,山梨県,35.676284,138.321986,,,,,,,その他,
588,551,櫛形山,くしがたやま,櫛形山,,2052,三角点,山梨県 長野県,35.586693,138.369208,,1,,,,二百名山:自動(名前一致・よみ一致・標高一致・距離0.0km・県一致),自動一致,
589,552,仙丈岳,せんじょうだけ,仙丈ヶ岳,,3033,三角点,山梨県 長野県,35.720069,138.183581,1,,,1,仙丈ヶ岳,百名山:手動 / 百高山:自動(名前一致・よみ一致・標高一致・県一致),手動指定,百名山: 仙丈ヶ岳3033m(同標高の南岳と区別)
590,553,伊那荒倉岳,いなあらくらだけ,伊那荒倉岳,,2519,標高点,山梨県 長野県,35.689141,138.193859,,,,,,,その他,
591,554,小太郎山,こたろうやま,小太郎山,,2725,三角点,山梨県,35.700818,138.239996,,,,1,,百高山:自動(名前一致・よみ一致・標高一致),自動一致,
592,555,北岳,きただけ,北岳,,3193,測定点,山梨県,35.674314,138.238828,1,,,1,,百名山:自動(名前一致・よみ一致・標高一致・県一致) / 百高山:自動(名前一致・よみ一致・標高一致・県一致),自動一致,
593,556,間ノ岳,あいのだけ,間ノ岳,,3190,三角点,山梨県 静岡県,35.646012,138.228324,1,,,1,,百名山:自動(名前一致・標高一致・県一致) / 百高山:自動(名前一致・標高一致・県一致),自動一致,
594,557-1,農鳥岳（西農鳥岳）,のうとりだけ,農鳥岳,西農鳥岳,3051,標高点,山梨県 静岡県,35.624763,138.230322,,,,1,農鳥岳/西農鳥岳,百高山:自動(名前一致・よみ一致・標高一致・県一致),自動一致,
595,557-2,農鳥岳,のうとりだけ,農鳥岳,,3026,三角点,山梨県 静岡県,35.621151,138.236857,,1,,,,二百名山:自動(名前一致・よみ一致・標高一致・距離0.0km・県一致),自動一致,
596,558,大唐松山,おおからまつやま,大唐松山,,2561,標高点,山梨県,35.621582,138.269444,,,,,,,その他,
597,559,広河内岳,ひろごうちだけ,広河内岳,,2895,標高点,山梨県 静岡県,35.606013,138.235839,,,,1,,百高山:自動(名前一致・よみ一致・標高一致・県一致),自動一致,
598,560,大籠岳,おおこもりだけ,大籠岳,,2767,三角点,山梨県 静岡県,35.593077,138.243406,,,,1,,百高山:自動(名前一致・よみ一致・標高一致),自動一致,
599,561,笹山,ささやま,笹山,,2733,標高点,山梨県 静岡県,35.571069,138.243995,,,,1,,百高山:自動(名前一致・よみ一致・標高一致),自動一致,
600,562,黒檜山,くろべいやま,黒檜山,,2541,三角点,長野県,35.644563,138.186112,,,,,,,その他,
601,563,安倍荒倉岳,あべあらくらだけ,安倍荒倉岳,,2693,三角点,長野県 静岡県,35.623059,138.202969,,,,1,,百高山:自動(名前一致・よみ一致・標高一致),自動一致,
602,564,新蛇抜山,しんじゃぬけやま,新蛇抜山,,2667,標高点,長野県 静岡県,35.607158,138.205353,,,,1,,百高山:自動(名前一致・よみ一致・標高一致),自動一致,
603,565,北荒川岳,きたあらかわだけ,北荒川岳,,2698,三角点,長野県,35.594694,138.194535,,,,1,,百高山:自動(名前一致・よみ一致・標高一致),自動一致,
604,566,塩見岳,しおみだけ,塩見岳,,3052,標高点,長野県 静岡県,35.573139,138.183636,1,,,1,,百名山:自動(名前一致・よみ一致・標高一致・県一致) / 百高山:自動(名前一致・よみ一致・標高近い(5m)・県一致),自動一致,
605,567,蝙蝠岳,こうもりだけ,蝙蝠岳,,2865,三角点,静岡県,35.556928,138.207315,,,,1,,百高山:自動(名前一致・よみ一致・標高一致・県一致),自動一致,
606,568,徳右衛門岳,とくえもんだけ,徳右衛門岳,,2599,三角点,静岡県,35.539425,138.226457,,,,,,,その他,
607,569,本谷山,ほんたにやま,本谷山,,2658,三角点,長野県 静岡県,35.570922,138.151673,,,,,,,その他,
608,570,戸倉山（伊那富士）,とくらやま（いなふじ）,戸倉山,,1681,三角点,長野県,35.745036,138.051972,,,,,伊那富士,,その他,
609,571,烏帽子岳,えぼしだけ,烏帽子岳,,2726,標高点,長野県 静岡県,35.553537,138.153424,,,,1,,百高山:自動(名前一致・よみ一致・標高一致),自動一致,
610,572,小河内岳,おごうちだけ,小河内岳,,2802,三角点,長野県 静岡県,35.537741,138.153049,,,,1,,百高山:自動(名前一致・標高一致),自動一致,
611,573,小日影山,こひかげやま,小日影山,,2506,三角点,長野県,35.525151,138.126357,,,,,,,その他,
612,574,大日影山,おおひかげやま,大日影山,,2573,標高点,長野県 静岡県,35.522162,138.138316,,,,,,,その他,
613,575,板屋岳,いたやだけ,板屋岳,,2646,標高点,長野県 静岡県,35.517883,138.146078,,,,,,,その他,
614,576,悪沢岳,わるさわだけ,東岳,,3141,標高点,静岡県,35.500735,138.182477,1,,,1,東岳（悪沢岳）/悪沢岳（荒川東岳）,百名山:自動(標高一致・県一致) / 百高山:自動(標高一致・県一致),目視確認済,百名山: 表記違い: 悪沢岳=東岳(悪沢岳) / 百高山: 表記違い: 悪沢岳=東岳(悪沢岳)
615,577-1,中岳（荒川中岳）,なかだけ,荒川岳,中岳,3084,三角点,静岡県,35.496573,138.167067,,,,1,荒川岳/中岳,百高山:手動,手動指定,百高山: 南アルプス荒川三山の中岳3084m
616,577-2,荒川岳（前岳）,あらかわだけ（まえだけ）,荒川岳,前岳,3068,標高点,長野県 静岡県,35.494059,138.164102,,,,,荒川岳/前岳,,その他,
617,578,赤石岳,あかいしだけ,赤石岳,,3121,三角点,長野県 静岡県,35.461206,138.157360,1,,,1,,百名山:自動(名前一致・よみ一致・標高一致・県一致) / 百高山:自動(名前一致・よみ一致・標高一致・県一致),自動一致,
618,579,奥茶臼山,おくちゃうすやま,奥茶臼山,,2474,三角点,長野県,35.484968,138.069075,,,1,,,三百名山:自動(名前一致・よみ一致・標高一致・距離0.0km・県一致),自動一致,
619,580,鬼面山,きめんざん,鬼面山,,1890,三角点,長野県,35.492011,137.990161,,,,,,,その他,
620,581,大沢岳,おおさわだけ,大沢岳,,2820,三角点,長野県 静岡県,35.448905,138.120176,,,,1,,百高山:自動(名前一致・よみ一致・標高一致・県一致),自動一致,
621,582,中盛丸山,なかもりまるやま,中盛丸山,,2807,標高点,長野県 静岡県,35.442813,138.122020,,,,1,,百高山:自動(名前一致・よみ一致・標高一致),自動一致,
622,583,兎岳,うさぎだけ,兎岳,,2818,標高点,長野県 静岡県,35.428589,138.121216,,,,1,,百高山:自動(名前一致・よみ一致・標高一致),自動一致,
623,584,聖岳,ひじりだけ,聖岳,前聖岳,3013,標高点,長野県 静岡県,35.422540,138.139629,1,,,1,前聖岳,百名山:自動(名前一致・よみ一致・標高一致・県一致) / 百高山:自動(名前一致・よみ一致・標高一致・県一致),自動一致,
624,585,上河内岳,かみ2こうちだけ,上河内岳,,2803,三角点,静岡県,35.389619,138.152812,,1,,1,,二百名山:自動(名前一致・よみ一致・標高一致・距離0.0km・県一致) / 百高山:自動(名前一致・よみ一致・標高一致),自動一致,
625,586,茶臼岳,ちゃうすだけ,茶臼岳,,2604,標高点,長野県 静岡県,35.369166,138.140555,,,1,,,三百名山:自動(名前一致・よみ一致・標高一致・距離0.0km・県一致),自動一致,
626,587,仁田岳,にっただけ,仁田岳,,2524,三角点,静岡県,35.360730,138.127095,,,,,,,その他,
627,588,光岳,てかりだけ,光岳,,2592,三角点,静岡県 長野県,35.338176,138.083779,1,,,,,百名山:自動(名前一致・よみ一致・標高一致・県一致),自動一致,
628,589,池口岳,いけぐちだけ,池口岳,,2392,標高点,長野県 静岡県,35.330208,138.038327,,1,,,,二百名山:自動(名前一致・よみ一致・標高一致・距離0.0km・県一致),自動一致,
629,590,白倉山,しらくらやま,白倉山,,1851,標高点,長野県 静岡県,35.301704,137.992100,,,,,,,その他,
630,591,熊伏山,くまぶしやま,熊伏山,,1654,三角点,長野県,35.263241,137.894893,,,1,,,三百名山:自動(名前一致・よみ一致・標高一致・距離0.0km・県一致),自動一致,
631,592,大無間山,だいむげんざん,大無間山,,2330,三角点,静岡県,35.255979,138.161548,,1,,,,二百名山:自動(名前一致・標高一致・距離0.0km・県一致),自動一致,
632,593,不動岳,ふどうがたけ,不動岳,,2172,三角点,静岡県,35.235462,138.041108,,,,,,,その他,
633,594,黒法師岳,くろぼうしがたけ,黒法師岳,,2068,三角点,静岡県,35.196168,138.029391,,,1,,,三百名山:自動(名前一致・標高一致・距離0.0km・県一致),自動一致,
634,595,蕎麦粒山,そばつぶやま,蕎麦粒山,,1627,三角点,静岡県,35.126094,138.035381,,,,,,,その他,
635,596,高塚山,たかつかやま,高塚山,,1621,三角点,静岡県,35.115464,138.003663,,,1,,,三百名山:自動(名前一致・よみ一致・標高一致・距離0.0km・県一致),自動一致,
636,597,京丸山,きょうまるやま,京丸山,,1469,三角点,静岡県,35.096002,137.965929,,,,,,,その他,
637,598,秋葉山,あきはさん,秋葉山,,885,標高点,静岡県,34.981773,137.866006,,,,,,,その他,
638,599,八高山,はっこうさん,八高山,,832,三角点,静岡県,34.907436,138.056682,,,,,,,その他,
639,600,笊ヶ岳,ざるがたけ,笊ヶ岳,,2629,三角点,山梨県 静岡県,35.424158,138.259490,,1,,,,二百名山:自動(名前一致・よみ一致・標高一致・距離0.0km・県一致),自動一致,
640,601,布引山,ぬのびきやま,布引山,,2584,三角点,山梨県 静岡県,35.408473,138.258230,,,,,,,その他,
641,602,青薙山,あおなぎやま,青薙山,,2406,三角点,静岡県,35.369769,138.228743,,,,,,,その他,
642,603,身延山,みのぶさん,身延山,,1153,標高点,山梨県,35.397436,138.416295,,,,,,,その他,
643,604,七面山,しちめんざん,七面山,,1989,標高点,山梨県,35.369212,138.348906,,1,,,,二百名山:自動(名前一致・よみ一致・標高一致・距離0.0km・県一致),自動一致,
644,605,山伏,やんぶし,山伏,,2013,三角点,山梨県 静岡県,35.304335,138.285269,,,1,,,三百名山:自動(名前一致・よみ一致・標高一致・距離0.0km・県一致),自動一致,
645,606,十枚山,じゅうまいざん,十枚山,,1726,標高点,静岡県 山梨県,35.253666,138.377944,,,,,,,その他,
646,607,篠井山,しのいさん,篠井山,,1394,三角点,山梨県,35.247721,138.426477,,,,,,,その他,
647,608,高ドッキョウ,たかどっきょう,高ドッキョウ,,1133,三角点,山梨県 静岡県,35.178497,138.438008,,,,,,,その他,
648,609,竜爪山,りゅうそうざん,竜爪山,,1051,標高点,静岡県,35.088344,138.403590,,,,,,,その他,
649,610,久能山,くのうざん,久能山,,216,標高点,静岡県,34.966111,138.468055,,,,,,,その他,
650,611,茶臼山,ちゃうすやま,茶臼山,,1416,三角点,長野県 愛知県,35.227555,137.655539,,,,,,,その他,
651,612,鷹ノ巣山,たかのすやま,鷹ノ巣山,,1153,三角点,愛知県,35.152597,137.494962,,,,,,,その他,
652,613,鳳来寺山,ほうらいじさん,鳳来寺山,,695,標高点,愛知県,34.984020,137.582800,,,,,,,その他,
653,614,本宮山,ほんぐうさん,本宮山,,789,三角点,愛知県,34.909795,137.420576,,,,,,,その他,
654,615,猿投山,さなげやま,猿投山,,629,三角点,愛知県,35.205909,137.166823,,,,,,,その他,
655,616,金華山,きんかざん,金華山,,329,三角点,岐阜県,35.433440,136.781498,,,,,,,その他,
656,617,宝立山,ほうりゅうざん,宝立山,,471,標高点,石川県,37.428571,137.162548,,,,,,,その他,
657,618,鉢伏山,はちぶせやま,鉢伏山,,544,三角点,石川県,37.377754,136.970920,,,,,,,その他,
658,619,石動山,せきどうさん,石動山,,564,標高点,石川県,36.965562,136.971012,,,,,,,その他,
659,620,宝達山,ほうだつさん,宝達山,,637,三角点,石川県,36.781920,136.813035,,,,,,,その他,
660,621,二上山,ふたがみやま,二上山,,274,標高点,富山県,36.790002,137.015378,,,,,,,その他,
661,622,牛岳,うしだけ,牛岳,,987,三角点,富山県,36.541225,137.031773,,,,,,,その他,
662,623,白木峰,しらきみね,白木峰,,1596,標高点,富山県 岐阜県,36.415461,137.112128,,,1,,,三百名山:自動(名前一致・標高一致・距離0.0km・県一致),自動一致,
663,624,金剛堂山,こんごうどうざん,金剛堂山,,1650,標高点,富山県,36.378888,137.048888,,1,,,,二百名山:自動(名前一致・よみ一致・標高一致・距離0.0km・県一致),自動一致,
664,625,人形山,にんぎょうやま,人形山,,1726,標高点,岐阜県 富山県,36.349016,136.939729,,,1,,,三百名山:自動(名前一致・標高一致・距離0.0km・県一致),自動一致,
665,626,三ヶ辻山,みつがつじやま,三ヶ辻山,,1764,三角点,岐阜県,36.337995,136.949927,,,,,,,その他,
666,627,猿ヶ馬場山,さるが2ばんばやま,猿ヶ馬場山,,1875,標高点,岐阜県,36.225951,136.942873,,,1,,,三百名山:自動(名前一致・標高一致・距離0.0km・県一致),自動一致,
667,628,御前岳,ごぜんだけ,御前岳,,1816,三角点,岐阜県,36.198158,136.960190,,,,,,,その他,
668,629,大雨見山,おおあまみやま,大雨見山,,1336,三角点,岐阜県,36.253396,137.298483,,,,,,,その他,
669,630,位山,くらいやま,位山,,1529,三角点,岐阜県,36.038230,137.196696,,1,,,,二百名山:自動(名前一致・よみ一致・標高一致・距離0.0km・県一致),自動一致,
670,631,川上岳,2かおれだけ,川上岳,,1625,三角点,岐阜県,36.008214,137.149580,,,1,,,三百名山:自動(名前一致・よみ一致・標高一致・距離0.0km・県一致),自動一致,
671,632,鷲ヶ岳,わしがたけ,鷲ヶ岳,,1671,三角点,岐阜県,35.940342,136.971464,,,1,,,三百名山:自動(名前一致・よみ一致・標高一致・距離0.0km・県一致),自動一致,
672,633,八乙女山,やおとめやま,八乙女山,,756,標高点,富山県,36.540242,136.983162,,,,,,,その他,
673,634,高清水山,たかしょうずやま,高清水山,,1145,標高点,富山県,36.477349,136.942978,,,,,,,その他,
674,635,医王山,いおうぜん,医王山,奥医王山,939,三角点,富山県 石川県,36.512764,136.796013,,,1,,奥医王山,三百名山:自動(名前一致・よみ一致・標高一致・距離0.0km・県一致),自動一致,
675,636,口三方岳,くちさんぼうだけ,口三方岳,,1269,三角点,石川県,36.373199,136.715502,,,,,,,その他,
676,637,高三郎山,たかさぶろうやま,高三郎山,,1445,標高点,石川県,36.371111,136.773611,,,,,,,その他,
677,638,大門山,だいもんざん,大門山,,1571,三角点,富山県 石川県,36.365221,136.803690,,,1,,,三百名山:自動(名前一致・よみ一致・標高一致・距離0.0km・県一致),自動一致,
678,639,大笠山,おおがさやま,大笠山,,1822,三角点,富山県 石川県,36.320450,136.789588,,,1,,,三百名山:自動(名前一致・よみ一致・標高一致・距離0.0km・県一致),自動一致,
679,640,笈ヶ岳,おいずるがだけ,笈ヶ岳,,1841,三角点,富山県 石川県 岐阜県,36.298515,136.792193,,1,,,,二百名山:自動(名前一致・よみ一致・標高一致・距離0.0km・県一致),自動一致,
680,641,三方岩岳,さんぽういわだけ,三方岩岳,,1736,標高点,石川県 岐阜県,36.258193,136.844556,,,1,,,三百名山:自動(名前一致・よみ一致・標高一致・距離0.1km・県一致),自動一致,
681,642,三方崩山,さんぽうくずれやま,三方崩山,,2058,三角点,岐阜県,36.179001,136.860150,,,,,,,その他,
682,643,七倉山,ななくらやま,七倉山,,2557,標高点,石川県,36.171286,136.758842,,,,,,,その他,
683,644,白山,はくさん,白山,御前峰,2702,三角点,石川県 岐阜県,36.155063,136.771449,1,,,1,御前峰/白山（御前峰）,百名山:自動(名前一致・よみ一致・標高一致・県一致) / 百高山:自動(名前一致・よみ一致・標高一致),自動一致,
684,645,白山釈迦岳,はくさんしゃかだけ,白山釈迦岳,,2053,三角点,石川県,36.152212,136.735687,,,,,,,その他,
685,646,別山,べっさん,別山,,2399,三角点,石川県 岐阜県,36.105439,136.765729,,,,,,,その他,
686,647,願教寺山,がんきょうじさん,願教寺山,,1691,三角点,福井県 岐阜県,36.056929,136.739761,,,,,,,その他,
687,648,野伏ヶ岳,のぶせがだけ,野伏ヶ岳,,1674,三角点,岐阜県 福井県,36.012843,136.732391,,,1,,,三百名山:自動(名前一致・標高一致・距離0.0km・県一致),自動一致,
688,649,大日ヶ岳,だいにちがたけ,大日ヶ岳,,1709,三角点,岐阜県,36.001366,136.837818,,1,,,,二百名山:自動(名前一致・よみ一致・標高一致・距離0.0km・県一致),自動一致,
689,650,赤兎山,あかうさぎやま,赤兎山,,1628,三角点,福井県 石川県,36.067580,136.661910,,,,,,,その他,
690,651,経ヶ岳,きょうがだけ,経ヶ岳,,1625,三角点,福井県,36.046438,136.621893,,,1,,,三百名山:自動(名前一致・よみ一致・標高一致・距離0.0km・県一致),自動一致,
691,652,鷲走ヶ岳,わっそがだけ,鷲走ヶ岳,,1096,三角点,石川県,36.265868,136.615529,,,,,,,その他,
692,653,大日山,だいにちざん,大日山,,1368,標高点,石川県,36.162094,136.493321,,,,,,,その他,
693,654,富士写ヶ岳,ふじしゃがだけ,富士写ヶ岳,,942,三角点,石川県,36.188553,136.363965,,,,,,,その他,
694,655,浄法寺山,じょうほうじやま,浄法寺山,,1053,三角点,福井県,36.124959,136.392678,,,,,,,その他,
695,656,国見岳,くにみだけ,国見岳,,656,三角点,福井県,36.079266,136.083957,,,,,,,その他,
696,657,日野山,ひのさん,日野山,,794,三角点,福井県,35.859184,136.207491,,,,,,,その他,
697,658,部子山,へこさん,部子山,,1464,三角点,福井県,35.886133,136.439201,,,,,,,その他,
698,659,荒島岳,あらしまだけ,荒島岳,,1523,三角点,福井県,35.934289,136.601273,1,,,,,百名山:自動(名前一致・よみ一致・標高一致・県一致),自動一致,
699,660,平家岳,へいけがだけ,平家岳,,1441,三角点,福井県,35.809887,136.718893,,,,,,,その他,
700,661,高賀山,こうがさん,高賀山,,1224,三角点,岐阜県,35.671819,136.859303,,,,,,,その他,
701,662,?風山,びょうぶさん,?風山,,1354,三角点,福井県 岐阜県,35.796862,136.626600,,,,,,,その他,
702,663,姥ヶ岳,うばがたけ,姥ヶ岳,,1453,三角点,福井県,35.809457,136.505847,,,,,,,その他,
703,664,能郷白山,のうごうはくさん,能郷白山,,1617,三角点,岐阜県,35.762394,136.514030,,1,,,能郷白山（権現山）/権現山,二百名山:自動(名前一致・標高一致・距離0.0km・県一致),自動一致,
704,665,冠山,かんむりやま,冠山,,1256,三角点,福井県 岐阜県,35.779773,136.409397,,,1,,,三百名山:自動(名前一致・よみ一致・標高一致・距離0.0km・県一致),自動一致,
705,666,三周ヶ岳,さんしゅうがだけ,三周ヶ岳,,1292,三角点,岐阜県,35.683635,136.300103,,,,,,,その他,
706,667,金糞岳,かなくそだけ,金糞岳,,1317,標高点,岐阜県 滋賀県,35.550150,136.337233,,,,,,,その他,
707,668,伊吹山,いぶきやま,伊吹山,,1377,三角点,滋賀県,35.417836,136.406346,1,,,,,百名山:自動(名前一致・よみ一致・標高一致・県一致),自動一致,
708,669,霊仙山,りょうぜんざん,霊仙山,,1094,標高点,滋賀県,35.279140,136.381231,,,,,,,その他,
709,670,笙ヶ岳,しょうがだけ,笙ヶ岳,,908,三角点,岐阜県,35.283640,136.511207,,,,,,,その他,
710,671,養老山,ようろうさん,養老山,,859,三角点,岐阜県,35.263152,136.523322,,,,,,,その他,
711,672,御池岳,おいけだけ,御池岳,,1247,標高点,滋賀県,35.178513,136.414738,,,,,,,その他,
712,673,竜ヶ岳,りゅうがだけ,竜ヶ岳,,1099,三角点,滋賀県 三重県,35.119324,136.445173,,,,,,,その他,
713,674,御在所山,ございしょやま,御在所山,,1212,標高点,滋賀県 三重県,35.020424,136.418015,,1,,,,二百名山:自動(名前一致・よみ一致・標高一致・距離0.0km・県一致),自動一致,
714,675,雨乞岳,あまごいだけ,雨乞岳,,1238,三角点,滋賀県,35.021075,136.384118,,,,,,,その他,
715,676,高畑山,たかはたやま,高畑山,,773,三角点,三重県 滋賀県,34.889774,136.320803,,,,,,,その他,
716,677,霊山,れいさん,霊山,,765,三角点,三重県,34.817154,136.260474,,,,,,,その他,
717,678,経が峰,きょうがみね,経が峰,,819,三角点,三重県,34.766521,136.374440,,,,,,,その他,
718,679,笠取山,かさとりやま,笠取山,,842,標高点,三重県,34.733977,136.296371,,,,,,,その他,
719,680,武奈ヶ岳,ぶながだけ,武奈ヶ岳,,1214,三角点,滋賀県,35.264616,135.896999,,1,,,,二百名山:自動(名前一致・よみ一致・標高一致・距離0.0km・県一致),自動一致,
720,681,皆子山,みなこやま,皆子山,,971,三角点,京都府 滋賀県,35.202273,135.835142,,,,,,,その他,
721,682,蓬莱山,ほうらいさん,蓬莱山,,1174,三角点,滋賀県,35.209539,135.885735,,,1,,,三百名山:自動(名前一致・よみ一致・標高一致・距離0.0km・県一致),自動一致,
722,683,比叡山,ひえいざん,比叡山,大比叡,848,三角点,滋賀県 京都府,35.065830,135.834449,,,1,,大比叡,三百名山:自動(名前一致・よみ一致・標高一致・距離0.0km・県一致),自動一致,
723,684,音羽山,おとわやま,音羽山,,593,三角点,京都府,34.976851,135.853004,,,,,,,その他,
724,685,三上山（近江富士）,みかみやま（おうみふじ）,三上山,,432,標高点,滋賀県,35.050543,136.037563,,,,,近江富士,,その他,
725,686,鷲峰山,じゅうぶざん,鷲峰山,,682,標高点,京都府,34.830490,135.908502,,,,,,,その他,
726,687,笠置山,かさぎやま,笠置山,,324,三角点,京都府,34.751814,135.950672,,,,,,,その他,
727,688,若草山（三笠山）,わかくさやま（みかさやま）,若草山,,342,三角点,奈良県,34.691159,135.854317,,,,,三笠山,,その他,
728,689,三輪山,みわやま,三輪山,,467,三角点,奈良県,34.535033,135.866812,,,,,,,その他,
729,690,耳成山,みみなしやま,耳成山,,139,三角点,奈良県,34.514731,135.805360,,,,,,,その他,
730,691,天香久山,あまのかぐやま,天香久山,,152,標高点,奈良県,34.495631,135.818319,,,,,,,その他,
731,692,畝傍山,うねびやま,畝傍山,,198,三角点,奈良県,34.492586,135.784711,,,,,,,その他,
732,693,生駒山,いこまやま,生駒山,,642,三角点,大阪府 奈良県,34.678459,135.678994,,,,,,,その他,
733,694,信貴山,しぎさん,信貴山,,437,標高点,奈良県,34.612698,135.668339,,,,,,,その他,
734,695,二上山（雄岳）,にじょうざん（おだけ）,二上山,雄岳,517,標高点,奈良県,34.525625,135.677668,,,,,二上山/雄岳,,その他,
735,696,葛城山,かつらぎさん,葛城山,,958,三角点,奈良県 大阪府,34.456157,135.682317,,,1,,,三百名山:自動(名前一致・よみ一致・標高一致・距離0.0km・県一致),自動一致,
736,697,金剛山,こんごうざん,金剛山,,1125,標高点,奈良県,34.419446,135.672945,,1,,,,二百名山:自動(名前一致・よみ一致・標高一致・距離0.0km・県一致),自動一致,
737,698,岩湧山,いわわきさん,岩湧山,,897,三角点,大阪府,34.374078,135.551011,,,,,,,その他,
738,699,葛城山,かつらぎさん,葛城山,,858,標高点,大阪府 和歌山県,34.348009,135.434375,,,,,,,その他,
739,700,俎石山,そせきざん,俎石山,,420,三角点,和歌山県 大阪府,34.308398,135.207857,,,,,,,その他,
740,701,堀坂山,ほっさかさん,堀坂山,,757,三角点,三重県,34.546535,136.432892,,,,,,,その他,
741,702,尼ケ岳,あまがだけ,尼ケ岳,,957,三角点,三重県,34.557587,136.219675,,,,,,,その他,
742,703,倶留尊山,くろそやま,倶留尊山,,1037,三角点,三重県 奈良県,34.530913,136.170310,,,1,,,三百名山:自動(名前一致・よみ一致・標高一致・距離0.0km・県一致),自動一致,
743,704,局ヶ岳,つぼねがだけ,局ヶ岳,,1029,三角点,三重県,34.460466,136.327036,,,,,,,その他,
744,705,三峰山,みうねやま,三峰山,,1235,三角点,三重県 奈良県,34.448712,136.206263,,,1,,,三百名山:自動(名前一致・よみ一致・標高一致・距離0.0km・県一致),自動一致,
745,706,高見山,たかみやま,高見山,,1248,三角点,三重県 奈良県,34.428659,136.088468,,,1,,,三百名山:自動(名前一致・よみ一致・標高一致・距離0.0km・県一致),自動一致,
746,707,竜門岳,りゅうもんがだけ,竜門岳,,904,三角点,奈良県,34.440632,135.897684,,,1,,,三百名山:自動(名前一致・標高一致・距離0.0km・県一致),自動一致,
747,708,朝熊ヶ岳,あさまがたけ,朝熊ヶ岳,,555,標高点,三重県,34.461151,136.781584,,,,,,,その他,
748,709,七洞岳,ななほらがたけ,七洞岳,,778,三角点,三重県,34.373058,136.515752,,,,,,,その他,
749,710,迷岳,まよいだけ,迷岳,,1309,三角点,三重県,34.350130,136.207531,,,,,,,その他,
750,711,国見山,くにみやま,国見山,,1419,三角点,三重県 奈良県,34.375773,136.086639,,,,,,,その他,
751,712,池木屋山,いけごややま,池木屋山,,1396,三角点,三重県 奈良県,34.316079,136.129450,,,,,,,その他,
752,713,白鬚岳,しらひげだけ,白鬚岳,,1378,三角点,奈良県,34.292932,136.046943,,,,,,,その他,
753,714,大台ヶ原山,おおだいがはらやま,大台ヶ原山,日出ヶ岳,1695,三角点,奈良県 三重県,34.185227,136.109199,1,,,,日出ヶ岳,百名山:自動(名前一致・標高一致・県一致),自動一致,
754,715,山上ヶ岳,さんじょうがたけ,山上ヶ岳,,1719,三角点,奈良県,34.252390,135.941058,,,1,,,三百名山:自動(名前一致・よみ一致・標高一致・距離0.0km・県一致),自動一致,
755,716,大普賢岳,だいふげんだけ,大普賢岳,,1780,三角点,奈良県,34.227853,135.962800,,,,,,,その他,
756,717,弥山,みせん,弥山,,1895,標高点,奈良県,34.180121,135.909335,,,,,,,その他,
757,718,大峰山,おおみねさん,八経ヶ岳,,1915,三角点,奈良県,34.173586,135.907550,1,,,,八経ヶ岳,百名山:自動(標高一致・県一致),目視確認済,百名山: 大峰山の最高点=八経ヶ岳1915m
758,719,仏生嶽,ぶっしょうがだけ,仏生嶽,,1805,三角点,奈良県,34.134501,135.913140,,,,,,,その他,
759,720,釈迦ヶ岳,しゃかがだけ,釈迦ヶ岳,,1800,三角点,奈良県,34.114308,135.903126,,1,,,,二百名山:自動(名前一致・よみ一致・標高一致・距離0.0km・県一致),自動一致,
760,721,涅槃岳,ねはんだけ,涅槃岳,,1376,三角点,奈良県,34.058235,135.896903,,,,,,,その他,
761,722,笠捨山,かさすてやま,笠捨山,,1353,三角点,奈良県,33.982804,135.898319,,,,,,,その他,
762,723,玉置山,たまきやま,玉置山,,1077,三角点,奈良県,33.926584,135.831617,,,,,,,その他,
763,724,高峰山,たかみねさん,高峰山,,1045,三角点,三重県,34.032003,136.147211,,,,,,,その他,
764,725,子ノ泊山,ねのとまりやま,子ノ泊山,,907,三角点,三重県,33.794579,135.930460,,,,,,,その他,
765,726,龍門山,りゅうもんざん,龍門山,,756,三角点,和歌山県,34.238007,135.411366,,,,,,,その他,
766,727,生石ヶ峰,おいしがみね,生石ヶ峰,,870,三角点,和歌山県,34.105074,135.334158,,,,,,,その他,
767,728,白馬山,しらまやま,白馬山,,957,三角点,和歌山県,34.015793,135.372249,,,,,,,その他,
768,729,伯母子岳,2おばこだけ,伯母子岳,,1344,標高点,奈良県,34.077416,135.650735,,1,,,,二百名山:自動(名前一致・よみ一致・標高一致・距離0.0km・県一致),自動一致,
769,730,護摩壇山,ごまだんざん,護摩壇山,,1372,標高点,奈良県 和歌山県,34.057402,135.567128,,,1,,,三百名山:自動(名前一致・よみ一致・標高一致・距離0.0km・県一致),自動一致,
770,731,牛廻山,うしまわしやま,牛廻山,,1207,三角点,奈良県 和歌山県,33.948995,135.631278,,,,,,,その他,
771,732,冷水山,ひやみずやま,冷水山,,1262,三角点,奈良県,33.899102,135.652818,,,,,,,その他,
772,733,大塔山,おおとうざん,大塔山,,1122,三角点,和歌山県,33.726858,135.713839,,,,,,,その他,
773,734,法師山,ほうしやま,法師山,,1120,三角点,和歌山県,33.725942,135.665343,,,,,,,その他,
774,735,那智山（烏帽子山）,なちさん（えぼしやま）,那智山,烏帽子山,909,三角点,和歌山県,33.696115,135.900842,,,,,那智山/烏帽子山,,その他,
775,736,善司ノ森山,ぜんじのもりやま,善司ノ森山,,591,三角点,和歌山県,33.593693,135.546946,,,,,,,その他,
776,737,野坂岳,のさかだけ,野坂岳,,913,三角点,福井県,35.589639,136.024585,,,,,,,その他,
777,738,雲谷山,くもだにやま,雲谷山,,786,三角点,福井県,35.557672,135.945117,,,,,,,その他,
778,739,久須夜ヶ岳,くすやがだけ,久須夜ヶ岳,,618,三角点,福井県,35.557446,135.733748,,,,,,,その他,
779,740,百里ヶ岳,ひゃくりがだけ,百里ヶ岳,,931,三角点,福井県 滋賀県,35.391788,135.810096,,,,,,,その他,
780,741,飯盛山,はんせいざん,飯盛山,,584,三角点,福井県,35.451902,135.660108,,,,,,,その他,
781,742,青葉山,あおばやま,青葉山,,693,標高点,福井県,35.505250,135.483784,,,,,,,その他,
782,743,頭巾山,とうきんざん,頭巾山,,871,三角点,福井県 京都府,35.377385,135.534450,,,,,,,その他,
783,744,長老ヶ岳,ちょうろうがだけ,長老ヶ岳,,917,三角点,京都府,35.303243,135.473986,,,,,,,その他,
784,745,桟敷ヶ岳,さじきがだけ,桟敷ヶ岳,,896,三角点,京都府,35.159212,135.717236,,,,,,,その他,
785,746,愛宕山,あたごやま,愛宕山,,924,標高点,京都府,35.060005,135.634252,,,1,,,三百名山:自動(名前一致・よみ一致・標高一致・距離0.0km・県一致),自動一致,
786,747,ポンポン山,ぽんぽんやま,ポンポン山,,679,三角点,京都府 大阪府,34.935163,135.623809,,,,,,,その他,
787,748,妙見山,みょうけんさん,妙見山,,660,三角点,大阪府 兵庫県,34.928916,135.467347,,,,,,,その他,
788,749,歌垣山,うたがきやま,歌垣山,,553,三角点,大阪府,34.974033,135.476756,,,,,,,その他,
789,750,剣尾山,けんびざん,剣尾山,,784,標高点,大阪府,35.003360,135.403888,,,,,,,その他,
790,751,三嶽,みたけ,三嶽,,793,三角点,兵庫県,35.127264,135.244900,,,,,,,その他,
791,752,白髪岳,しらがたけ,白髪岳,,721,三角点,兵庫県,35.046008,135.134825,,,,,,,その他,
792,753,太鼓山,たいこやま,太鼓山,,683,三角点,京都府,35.695268,135.204236,,,,,,,その他,
793,754,磯砂山,いさなごさん,磯砂山,,661,三角点,京都府,35.548529,135.038108,,,,,,,その他,
794,755,大江山（千丈ヶ嶽）,おおえやま（せんじょうがたけ）,大江山,,832,三角点,京都府,35.453453,135.106653,,,,,千丈ヶ嶽,,その他,
795,756,東床尾山,ひがしとこのおさん,東床尾山,,839,三角点,兵庫県,35.421887,134.915863,,,,,,,その他,
796,757,来日岳,くるひだけ,来日岳,,566,三角点,兵庫県,35.611950,134.785454,,,,,,,その他,
797,758,六甲山,ろっこうさん,六甲山,,931,三角点,兵庫県,34.778004,135.263741,,,1,,,三百名山:自動(名前一致・よみ一致・標高一致・距離0.0km・県一致),自動一致,
798,759,摩耶山,まやさん,摩耶山,,702,標高点,兵庫県,34.732933,135.204328,,,,,,,その他,
799,760,妙見山,みょうけんやま,妙見山,,522,標高点,兵庫県,34.497243,134.943495,,,,,,,その他,
800,761,諭鶴羽山,ゆづるはさん,諭鶴羽山,,608,三角点,兵庫県,34.234865,134.814188,,,,,,,その他,
801,762,粟鹿山,あわがやま,粟鹿山,,962,三角点,兵庫県,35.272785,134.915427,,,,,,,その他,
802,763,千ヶ峰,せんがみね,千ヶ峰,,1005,三角点,兵庫県,35.144714,134.883927,,,,,,,その他,
803,764,笠形山,かさがたやま,笠形山,,939,三角点,兵庫県,35.064159,134.834717,,,,,,,その他,
804,765,久斗山,くとやま,久斗山,,650,標高点,兵庫県,35.621151,134.562701,,,,,,,その他,
805,766,蘇武岳,そぶがたけ,蘇武岳,,1074,三角点,兵庫県,35.470792,134.637965,,,,,,,その他,
806,767,妙見山,みょうけんさん,妙見山,,1139,標高点,兵庫県,35.410580,134.643850,,,,,,,その他,
807,768,藤無山,ふじなしやま,藤無山,,1139,三角点,兵庫県,35.266677,134.600501,,,,,,,その他,
808,769,段ヶ峰,だんがみね,段ヶ峰,,1103,三角点,兵庫県,35.191576,134.727417,,,,,,,その他,
809,770,雪彦山,せっぴこさん,雪彦山,,915,三角点,兵庫県,35.072813,134.651212,,,,,,,その他,
810,771,扇ノ山,おうぎのせん,扇ノ山,,1310,三角点,鳥取県,35.439806,134.440891,,,1,,,三百名山:自動(名前一致・よみ一致・標高一致・距離0.0km・県一致),自動一致,
811,772,鉢伏山,はちぶせやま,鉢伏山,,1222,標高点,兵庫県,35.395384,134.536370,,,,,,,その他,
812,773,氷ノ山,ひょうのせん,氷ノ山,,1510,三角点,兵庫県 鳥取県,35.353959,134.513842,,1,,,氷ノ山（須賀ノ山）/須賀ノ山,二百名山:自動(名前一致・標高一致・距離0.0km・県一致),自動一致,
813,774,三室山,みむろやま,三室山,,1358,三角点,兵庫県 鳥取県,35.236695,134.462814,,,,,,,その他,
814,775,東山,とうせん,東山,,1388,三角点,鳥取県,35.292274,134.383007,,,,,,,その他,
815,776,沖ノ山,おきのやま,沖ノ山,,1318,三角点,鳥取県,35.248033,134.356769,,,,,,,その他,
816,777,後山,うしろやま,後山,,1344,三角点,岡山県 兵庫県,35.186820,134.411242,,,,,,,その他,
817,778,那岐山,なぎさん,那岐山,,1254,測定点,鳥取県 岡山県,35.171666,134.180277,,,1,,,三百名山:自動(名前一致・よみ一致・標高一致・距離0.0km・県一致),自動一致,
818,779,書写山,しょしゃざん,書写山,,371,標高点,兵庫県,34.892477,134.656452,,,,,,,その他,
819,780,白旗山,しらはたやま,白旗山,,440,三角点,兵庫県,34.908203,134.380778,,,,,,,その他,
820,781,八塔寺山,はっとうじさん,八塔寺山,,538,三角点,岡山県,34.923179,134.252183,,,,,,,その他,
821,782,金山,かなやま,金山,,499,三角点,岡山県,34.744738,133.940744,,,,,,,その他,
822,783,大平山,おおひらやま,大平山,,698,三角点,岡山県,34.899025,133.706828,,,,,,,その他,
823,784,大満寺山,だいまんじさん,大満寺山,,608,三角点,島根県,36.256773,133.330531,,,,,,,その他,
824,785,焼火山,たくひやま,焼火山,,452,三角点,島根県,36.074766,133.031865,,,,,,,その他,
825,786,朝日山,あさひやま,朝日山,,344,標高点,島根県,35.507875,132.976412,,,,,,,その他,
826,787,鼻高山,はなたかせん,鼻高山,,536,三角点,島根県,35.412608,132.752640,,,,,,,その他,
827,788,高鉢山,たかはちやま,高鉢山,,1203,標高点,鳥取県,35.360327,134.051146,,,,,,,その他,
828,789,花知ヶ仙,はなちがせん,花知ヶ仙,,1247,三角点,岡山県,35.259528,133.974965,,,,,,,その他,
829,790,津黒山,つぐろせん,津黒山,,1118,三角点,岡山県,35.251808,133.814994,,,,,,,その他,
830,791,上蒜山,かみひるぜん,蒜山,上蒜山,1202,標高点,鳥取県 岡山県,35.324978,133.663636,,1,,,蒜山,二百名山:自動(名前一致・よみ一致・標高一致・距離0.0km・県一致),自動一致,
831,792,矢筈ヶ山,やはずがせん,矢筈ヶ山,,1358,三角点,鳥取県,35.386725,133.580902,,,,,,,その他,
832,793,大山,だいせん,大山,剣ヶ峰,1729,標高点,鳥取県,35.371204,133.546356,1,,,,剣ヶ峰,百名山:自動(名前一致・よみ一致・標高一致・県一致),自動一致,
833,794,烏ヶ山,からすがせん,烏ヶ山,,1448,標高点,鳥取県,35.355788,133.570446,,,,,,,その他,
834,795,毛無山,けなしがせん,毛無山,,1218,三角点,鳥取県 岡山県,35.235685,133.514697,,,,,,,その他,
835,796,宝仏山,ほうぶつせん,宝仏山,,1005,標高点,鳥取県,35.229824,133.470074,,,,,,,その他,
836,797,星山,ほしやま,星山,,1030,三角点,岡山県,35.142068,133.677359,,,,,,,その他,
837,798,花見山,はなみやま,花見山,,1188,三角点,鳥取県 岡山県,35.152385,133.401220,,,,,,,その他,
838,799,大倉山,おおくらやま,大倉山,,1112,三角点,鳥取県,35.133731,133.355216,,,,,,,その他,
839,800,船通山,せんつうざん,船通山,,1142,三角点,島根県 鳥取県,35.155909,133.178625,,,,,,,その他,
840,801,道後山,どうごやま,道後山,,1271,標高点,広島県 鳥取県,35.069504,133.232894,,,1,,,三百名山:自動(名前一致・よみ一致・標高一致・距離0.0km・県一致),自動一致,
841,802-1,比婆山（立烏帽子山）,ひばやま（たてえぼしやま）,比婆山,立烏帽子山,1299,標高点,広島県,35.051964,133.065520,,,,,比婆山/立烏帽子山,,その他,
842,802-2,比婆山（烏帽子山）,ひばやま（えぼしやま）,比婆山,烏帽子山,1225,三角点,広島県 島根県,35.070007,133.052312,,,,,比婆山/烏帽子山,,その他,
843,803,猿政山,さるまさやま,猿政山,,1267,三角点,島根県 広島県,35.081313,132.967776,,,,,,,その他,
844,804,大万木山,おおよろぎさん,大万木山,,1218,三角点,島根県 広島県,35.087547,132.854546,,,,,,,その他,
845,805,琴引山（弥山）,ことびきさん（みせん）,琴引山,,1013,三角点,島根県,35.048183,132.782490,,,,,弥山,,その他,
846,806,三瓶山,さんべさん,三瓶山,男三瓶山,1126,三角点,島根県,35.140558,132.621536,,1,,,男三瓶山,二百名山:自動(名前一致・よみ一致・標高一致・距離0.0km・県一致),自動一致,
847,807,大江高山,おおえたかやま,大江高山,,808,三角点,島根県,35.063907,132.428679,,,,,,,その他,
848,808,星居山,ほしのこやま,星居山,,834,三角点,広島県,34.748152,133.221715,,,,,,,その他,
849,809,岳山,だけやま,岳山,,741,標高点,広島県,34.648976,133.156782,,,,,,,その他,
850,810,龍王山,りゅうおうざん,龍王山,,665,三角点,広島県,34.455760,133.083416,,,,,,,その他,
851,811,鷹ノ巣山,たかのすざん,鷹ノ巣山,,922,三角点,広島県,34.565994,132.746014,,,,,,,その他,
852,812,白木山,しらきやま,白木山,,889,三角点,広島県,34.521261,132.575438,,,,,,,その他,
853,813,呉娑々宇山,ごさそうさん,呉娑々宇山,,682,三角点,広島県,34.422894,132.547850,,,,,,,その他,
854,814,野呂山（膳棚山）,のろさん（ぜんだなやま）,野呂山,膳棚山,839,三角点,広島県,34.262293,132.666197,,,,,野呂山/膳棚山,,その他,
855,815,冠山,かんざん,冠山,,863,標高点,島根県,34.917493,132.501852,,,,,,,その他,
856,816,阿佐山,あさやま,阿佐山,,1218,三角点,島根県 広島県,34.785932,132.381411,,,,,,,その他,
857,817,天狗石山,てんぐいしやま,天狗石山,,1192,三角点,島根県 広島県,34.792234,132.342657,,,,,,,その他,
858,818,雲月山,うんげつやま,雲月山,,911,三角点,島根県 広島県,34.802109,132.238760,,,,,,,その他,
859,819,大佐山,おおさやま,大佐山,,1068,三角点,島根県 広島県,34.747718,132.201303,,,,,,,その他,
860,820,臥龍山（刈尾山）,がりゅうざん（かりおやま）,臥龍山,,1223,三角点,広島県,34.690121,132.196763,,,,,刈尾山,,その他,
861,821,深入山,しんにゅうざん,深入山,,1152,三角点,広島県,34.649929,132.206797,,,,,,,その他,
862,822,恐羅漢山,おそらかんざん,恐羅漢山,,1346,三角点,島根県 広島県,34.595463,132.129674,,,,,,,その他,
863,823,十方山,じっぽうざん,十方山,,1328,標高点,広島県,34.565042,132.142161,,,,,,,その他,
864,824,大峯山,おおみねやま,大峯山,,1049,測定点,広島県,34.415768,132.216933,,,,,,,その他,
865,825,冠山,かんむりやま,冠山,,1339,三角点,広島県,34.468731,132.076098,,,,,,,その他,
866,826,寂地山,じゃくちさん,寂地山,,1337,標高点,山口県 島根県,34.467264,132.054434,,,,,,,その他,
867,827,安蔵寺山,あぞうじやま,安蔵寺山,,1263,三角点,島根県,34.477126,131.967229,,,,,,,その他,
868,828,小五郎山,こごろうさん,小五郎山,,1162,三角点,山口県,34.416817,132.008580,,,,,,,その他,
869,829,羅漢山,らかんざん,羅漢山,,1109,三角点,山口県,34.355584,132.067231,,,,,,,その他,
870,830,鈴ノ大谷山,すずのおおたにやま,鈴ノ大谷山,,1036,三角点,島根県,34.376647,131.839182,,,,,,,その他,
871,831,平家ヶ岳,へいけがだけ,平家ヶ岳,,1066,三角点,島根県 山口県,34.318392,131.899699,,,,,,,その他,
872,832,馬糞ヶ岳,ばふんがだけ,馬糞ヶ岳,,985,三角点,山口県,34.250621,131.896392,,,,,,,その他,
873,833,莇ヶ岳,あざみがだけ,莇ヶ岳,,1004,三角点,山口県,34.332474,131.777774,,,,,,,その他,
874,834,青野山,あおのやま,青野山,,907,三角点,島根県,34.462208,131.798081,,,,,,,その他,
875,835,十種ヶ峰,とくさがみね,十種ヶ峰,,988,三角点,山口県 島根県,34.438334,131.695282,,,,,,,その他,
876,836,高山,こうやま,高山,,533,三角点,山口県,34.652091,131.613406,,,,,,,その他,
877,837,西鳳翩山,にしほうべんざん,西鳳翩山,,742,三角点,山口県,34.210800,131.409425,,,,,,,その他,
878,838,大平山,おおひらやま,大平山,,631,三角点,山口県,34.073422,131.630339,,,,,,,その他,
879,839,桂木山,かつらぎさん,桂木山,,701,三角点,山口県,34.305399,131.302829,,,,,,,その他,
880,840,花尾山,はなおやま,花尾山,,669,三角点,山口県,34.283882,131.221028,,,,,,,その他,
881,841,天井ヶ岳,てんじょうがだけ,天井ヶ岳,,691,三角点,山口県,34.311004,131.042886,,,,,,,その他,
882,842,狗留孫山（御岳）,くるそんざん（おだけ）,狗留孫山,,616,三角点,山口県,34.214638,130.976289,,,,,御岳,,その他,
883,843,竜王山,りゅうおうざん,竜王山,,613,三角点,山口県,34.068408,130.935859,,,,,,,その他,
884,844,嶮岨山（星ヶ城山）,けんそざん（ほしがじょうさん）,嶮岨山,星ヶ城山,816,三角点,香川県,34.515350,134.317480,,,,,嶮岨山/星ヶ城山,,その他,
885,845,熊ヶ峰,くまがみね,熊ヶ峰,,437,三角点,広島県,34.433416,133.368204,,,,,,,その他,
886,846,鷲ケ頭山,わしがとうざん,鷲ケ頭山,,436,三角点,愛媛県,34.239140,133.021401,,,,,,,その他,
887,847,弥山,みせん,弥山,,535,測定点,広島県,34.279431,132.319531,,,,,,,その他,
888,848,皇座山,おおざさん,皇座山,,526,三角点,山口県,33.853123,132.142361,,,,,,,その他,
889,849,五剣山（八栗山）,ごけんざん（やくりやま）,五剣山,,375,標高点,香川県,34.360989,134.141445,,,,,八栗山,,その他,
890,850,大平山,おおひらやま,大平山,,479,三角点,香川県,34.329854,133.952363,,,,,,,その他,
891,851,飯野山（讃岐富士）,いいのやま（さぬきふじ）,飯野山,,422,三角点,香川県,34.274387,133.845875,,,,,讃岐富士,,その他,
892,852,象頭山（大麻山）,ぞうずさん（おおさやま）,象頭山,大麻山,616,三角点,香川県,34.196627,133.788494,,,,,象頭山/大麻山,,その他,
893,853,矢筈山,やはずやま,矢筈山,,789,標高点,香川県,34.194245,134.196816,,,,,,,その他,
894,854,大滝山,おおたきやま,大滝山,,946,標高点,香川県 徳島県,34.123149,134.127065,,,,,,,その他,
895,855,竜王山,りゅうおうざん,竜王山,,1060,三角点,徳島県 香川県,34.115455,134.048205,,,,,,,その他,
896,856,大川山,だいせんざん,大川山,,1043,三角点,徳島県 香川県,34.115143,133.939649,,,,,,,その他,
897,857,雲辺寺山,うんぺんじさん,雲辺寺山,,927,標高点,香川県 徳島県,34.034983,133.722791,,,,,,,その他,
898,858,東三方ヶ森,ひがしさんぽうがもり,東三方ヶ森,,1233,三角点,愛媛県,33.902786,132.959708,,,,,,,その他,
899,859,高縄山,たかなわさん,高縄山,,986,三角点,愛媛県,33.945720,132.850039,,,,,,,その他,
900,860,眉山,びざん,眉山,,290,標高点,徳島県,34.060846,134.516423,,,,,,,その他,
901,861,中津峰山,なかつみねやま,中津峰山,,773,三角点,徳島県,33.962425,134.509465,,,,,,,その他,
902,862,太竜寺山,たいりゅうじやま,太竜寺山,,618,標高点,徳島県,33.874092,134.519785,,,,,,,その他,
903,863,高越山,こうつざん,高越山,,1133,標高点,徳島県,34.017291,134.195960,,,,,,,その他,
904,864,雲早山,くもそうやま,雲早山,,1496,三角点,徳島県,33.905736,134.294771,,,,,,,その他,
905,865,八面山,やつらやま,八面山,,1312,三角点,徳島県,33.923431,134.099840,,,,,,,その他,
906,866-1,剣山,つるぎさん,剣山,,1955,三角点,徳島県,33.853576,134.094281,1,,,,,百名山:自動(名前一致・よみ一致・標高一致・県一致),自動一致,
907,866-2,剣山（丸笹山）,つるぎさん（まるざさやま）,剣山,丸笹山,1712,三角点,徳島県,33.874221,134.089867,,,,,剣山/丸笹山,,その他,
908,867,塔丸,とうのまる,塔丸,,1713,三角点,徳島県,33.866938,134.039254,,,,,,,その他,
909,868,矢筈山,やはずさん,矢筈山,,1849,三角点,徳島県,33.925053,133.974905,,,,,,,その他,
910,869,中津山,なかつざん,中津山,,1447,三角点,徳島県,33.924625,133.844098,,,,,,,その他,
911,870,国見山,くにみざん,国見山,,1409,三角点,徳島県,33.907541,133.784674,,,,,,,その他,
912,871,天狗塚,てんぐづか,天狗塚,,1812,標高点,徳島県,33.826902,133.943338,,,,,,,その他,
913,872,三嶺,みうね,三嶺,,1894,三角点,徳島県 高知県,33.839401,133.987666,,1,,,,二百名山:自動(名前一致・標高一致・距離0.0km・県一致),自動一致,
914,873,白髪山,しらがやま,白髪山,,1770,三角点,高知県,33.810133,133.992926,,,,,,,その他,
915,874,石立山,いしたてざん,石立山,,1708,三角点,徳島県 高知県,33.784833,134.054874,,,,,,,その他,
916,875,梶ヶ森,かじがもり,梶ヶ森,,1400,三角点,高知県,33.759191,133.751520,,,,,,,その他,
917,876,甚吉森,じんきちもり,甚吉森,,1423,三角点,徳島県 高知県,33.694814,134.110066,,,,,,,その他,
918,877,天狗森,てんぐもり,天狗森,,1295,三角点,高知県,33.618800,134.067874,,,,,,,その他,
919,878,鐘ヶ龍森,かねがりゅうもり,鐘ヶ龍森,,1125,三角点,高知県,33.547023,134.082042,,,,,,,その他,
920,879,工石山,くいしやま,工石山,,1516,三角点,高知県,33.855616,133.579965,,,,,,,その他,
921,880,白髪山,しらがやま,白髪山,,1469,三角点,高知県,33.815990,133.590702,,,,,,,その他,
922,881,稲叢山,いなむらやま,稲叢山,,1506,三角点,高知県,33.747025,133.359302,,,,,,,その他,
923,882,工石山,くいしやま,工石山,,1177,標高点,高知県,33.669911,133.505893,,,,,,,その他,
924,883,赤星山,あかぼしやま,赤星山,,1453,三角点,愛媛県,33.919376,133.457936,,,,,,,その他,
925,884,東赤石山,ひがしあかいしやま,東赤石山,,1710,標高点,愛媛県,33.875260,133.373874,,1,,,,二百名山:自動(名前一致・よみ一致・標高近い(4m)・距離0.1km・県一致),自動一致,
926,885,笹ヶ峰,ささがみね,笹ヶ峰,,1860,三角点,愛媛県 高知県,33.828111,133.274591,,1,,,,二百名山:自動(名前一致・よみ一致・標高一致・距離0.0km・県一致),自動一致,
927,886,伊予富士,いよふじ,伊予富士,,1756,三角点,愛媛県 高知県,33.788003,133.248041,,,1,,,三百名山:自動(名前一致・よみ一致・標高一致・距離0.0km・県一致),自動一致,
928,887,瓶ヶ森,かめがもり,瓶ヶ森,,1896,三角点,愛媛県,33.794607,133.193258,,,1,,,三百名山:自動(名前一致・よみ一致・標高一致・距離0.0km・県一致),自動一致,
929,888,石鎚山,いしづちさん,石鎚山,天狗岳,1982,標高点,愛媛県,33.767770,133.115086,1,,,,天狗岳,百名山:自動(名前一致・よみ一致・標高一致・県一致),自動一致,
930,889,二ノ森,にのもり,二ノ森,,1930,三角点,愛媛県,33.758541,133.093777,,,,,,,その他,
931,890,筒上山,つつじょうざん,筒上山,,1860,三角点,愛媛県 高知県,33.731951,133.161135,,,,,,,その他,
932,891,石墨山,いしずみさん,石墨山,,1456,三角点,愛媛県,33.733786,132.984648,,,,,,,その他,
933,892,障子山,しょうじやま,障子山,,885,三角点,愛媛県,33.705328,132.765228,,,,,,,その他,
934,893,壺神山,つぼがみやま,壺神山,,971,三角点,愛媛県,33.605567,132.554612,,,,,,,その他,
935,894,出石山,いずしやま,出石山,,812,標高点,愛媛県,33.534926,132.465243,,,,,,,その他,
936,895,神南山,かんなんざん,神南山,,710,三角点,愛媛県,33.517433,132.632889,,,,,,,その他,
937,896,御在所山,ございしょやま,御在所山,,915,標高点,愛媛県,33.343979,132.755822,,,,,,,その他,
938,897,笠取山,かさとりやま,笠取山,,1562,三角点,愛媛県,33.555494,132.922506,,,,,,,その他,
939,898,明神山（中津山）,みょうじんさん（なかつさん）,明神山,,1541,三角点,愛媛県 高知県,33.575552,133.046646,,,,,中津山,,その他,
940,899,不入山,いらずやま,不入山,,1336,三角点,高知県,33.440779,133.063174,,,,,,,その他,
941,900,蟠蛇森,ばんだもり,蟠蛇森,,770,三角点,高知県,33.441107,133.259548,,,,,,,その他,
942,901,鈴ヶ森,すずがもり,鈴ヶ森,,1054,三角点,高知県,33.356285,133.051017,,,,,,,その他,
943,902,五在所ノ峯,ございしょのみね,五在所ノ峯,,658,三角点,高知県,33.177287,133.150743,,,,,,,その他,
944,903,堂が森,どうがもり,堂が森,,857,三角点,高知県,33.159873,132.876657,,,,,,,その他,
945,904,高月山,たかつきやま,高月山,,1229,三角点,愛媛県,33.208681,132.634642,,,,,,,その他,
946,905,三本杭,さんぼんぐい,三本杭,,1226,三角点,愛媛県,33.188324,132.635416,,,1,,,三百名山:自動(名前一致・よみ一致・標高一致・距離0.0km・県一致),自動一致,
947,906,篠山,ささやま,篠山,,1065,三角点,愛媛県 高知県,33.055727,132.659067,,,1,,,三百名山:自動(名前一致・よみ一致・標高一致・距離0.0km・県一致),自動一致,
948,907,今ノ山,いまのやま,今ノ山,,868,標高点,高知県,32.857521,132.850118,,,,,,,その他,
949,908,足立山（霧ヶ岳）,あだちやま（きりがたけ）,足立山,,598,三角点,福岡県,33.859516,130.917220,,,,,霧ヶ岳,,その他,
950,909,貫山,ぬきさん,貫山,,712,三角点,福岡県,33.780687,130.909361,,,,,,,その他,
951,910,福智山,ふくちやま,福智山,,900,三角点,福岡県,33.742247,130.803889,,,,,,,その他,
952,911,犬ヶ岳,いぬがたけ,犬ヶ岳,,1131,三角点,大分県 福岡県,33.512212,131.001717,,,,,,,その他,
953,912,英彦山,2ひこさん,英彦山,,1199,三角点,福岡県 大分県,33.476247,130.925973,,1,,,,二百名山:自動(名前一致・よみ一致・標高一致・距離0.0km・県一致),自動一致,
954,913,馬見山,うまみやま,馬見山,,978,三角点,福岡県,33.486462,130.767889,,,,,,,その他,
955,914,犬鳴山（熊ヶ城）,いぬなきやま（くまがじょう）,犬鳴山,,583,三角点,福岡県,33.687241,130.549240,,,,,熊ヶ城,,その他,
956,915,三郡山,さんぐんざん,三郡山,,936,三角点,福岡県,33.555536,130.583767,,,,,,,その他,
957,916,基山,きざん,基山,,404,三角点,佐賀県,33.442710,130.510173,,,,,,,その他,
958,917,脊振山,せふりさん,脊振山,,1054,三角点,福岡県 佐賀県,33.436440,130.368623,,,1,,,三百名山:自動(名前一致・よみ一致・標高一致・距離0.0km・県一致),自動一致,
959,918,浮嶽,うきだけ,浮嶽,,805,三角点,福岡県 佐賀県,33.469965,130.099226,,,,,,,その他,
960,919,天山,てんざん,天山,,1046,三角点,佐賀県,33.338886,130.142897,,,,,,,その他,
961,920,両子山,ふたごさん,両子山,,720,三角点,大分県,33.583120,131.601541,,,,,,,その他,
962,921,鹿嵐山,かならせやま,鹿嵐山,,758,三角点,大分県,33.434588,131.252756,,,,,,,その他,
963,922,鶴見岳,つるみだけ,鶴見岳,,1375,標高点,大分県,33.286621,131.429751,,,1,,,三百名山:自動(名前一致・よみ一致・標高一致・距離0.0km・県一致),自動一致,
964,923,由布岳,ゆふだけ,由布岳,,1583,三角点,大分県,33.282267,131.390233,,1,,,由布岳（豊後富士）/豊後富士,二百名山:自動(名前一致・標高一致・距離0.0km・県一致),自動一致,
965,924,万年山,はねやま,万年山,,1140,三角点,大分県,33.231350,131.130589,,,,,,,その他,
966,925,涌蓋山,2わいたざん,涌蓋山,,1499,三角点,大分県,33.139941,131.164344,,,1,,,三百名山:自動(名前一致・よみ一致・標高一致・距離0.0km・県一致),自動一致,
967,926-1,九重山,くじゅうさん,くじゅう連山,中岳,1791,標高点,大分県,33.085955,131.249001,1,,,,くじゅう連山/中岳,百名山:手動,依頼者確認済,百名山: 最高点=中岳1791m(第147・依頼者検品A)。主峰の久住山は926-6(1786m)
968,926-2,くじゅう連山（黒岳）,くじゅうれんざん（くろだけ）,くじゅう連山,黒岳,1587,標高点,大分県,33.105963,131.292913,,,,,くじゅう連山/黒岳,,その他,
969,926-3,大船山,たいせんざん,くじゅう連山,大船山,1786,三角点,大分県,33.095024,131.280690,,,1,,くじゅう連山,三百名山:自動(名前一致・よみ一致・標高一致・距離0.0km・県一致),自動一致,
970,926-4,くじゅう連山（三俣山）,くじゅうれんざん（みまたやま）,くじゅう連山,三俣山,1744,三角点,大分県,33.104003,131.246516,,,,,くじゅう連山/三俣山,,その他,
971,926-5,くじゅう連山（星生山）,くじゅうれんざん（ほっしょうざん）,くじゅう連山,星生山,1762,標高点,大分県,33.090768,131.232687,,,,,くじゅう連山/星生山,,その他,
972,926-6,くじゅう連山（久住山）,くじゅうれんざん（くじゅうさん）,くじゅう連山,久住山,1786,三角点,大分県,33.082187,131.240871,,,,,くじゅう連山/久住山,,その他,
973,927-1,阿蘇山,あそさん,阿蘇山,高岳,1592,三角点,熊本県,32.884318,131.103918,1,,,,高岳,百名山:自動(名前一致・よみ一致・標高一致・県一致),自動一致,
974,927-2,阿蘇山（根子岳）,あそさん（ねこだけ）,阿蘇山,根子岳,1433,標高点,熊本県,32.883527,131.144371,,,,,阿蘇山/根子岳,,その他,
975,927-3,阿蘇山（中岳）,あそさん（なかだけ）,阿蘇山,中岳,1506,標高点,熊本県,32.883528,131.097001,,,,,阿蘇山/中岳,,その他,
976,927-4,阿蘇山（杵島岳）,あそさん（きしまだけ）,阿蘇山,杵島岳,1326,標高点,熊本県,32.892701,131.057898,,,,,阿蘇山/杵島岳,,その他,
977,927-5,阿蘇山（烏帽子岳）,あそさん（えぼしだけ）,阿蘇山,烏帽子岳,1337,三角点,熊本県,32.873679,131.058014,,,,,阿蘇山/烏帽子岳,,その他,
978,928,鷹取山,たかとりやま,鷹取山,,801,三角点,福岡県,33.303028,130.722822,,,,,,,その他,
979,929,釈迦岳,しゃかだけ,釈迦岳,,1231,標高点,大分県,33.187593,130.889012,,,,,,,その他,
980,930,酒呑童子山,しゅてんどうじやま,酒呑童子山,,1181,三角点,大分県,33.097007,130.908413,,,,,,,その他,
981,931,国見山,くにみやま,国見山,,1018,三角点,熊本県,33.105431,130.817547,,,,,,,その他,
982,932,筒ヶ岳,つつがたけ,筒ヶ岳,,501,三角点,熊本県,32.984633,130.527365,,,,,,,その他,
983,933,金峰山,きんぼうざん,金峰山,,665,三角点,熊本県,32.814034,130.639004,,,,,,,その他,
984,934,黒髪山,くろかみざん,黒髪山,,516,標高点,佐賀県,33.214177,129.901689,,,,,,,その他,
985,935,国見山,くにみやま,国見山,,776,三角点,長崎県,33.236889,129.812839,,,,,,,その他,
986,936,虚空蔵山（虚空蔵岳）,こくぞうざん（こくぞうたけ）,虚空蔵山,,608,三角点,長崎県,33.090457,129.921333,,,,,虚空蔵岳,,その他,
987,937-1,多良岳（経ヶ岳）,たらだけ（きょうがだけ）,多良岳,経ヶ岳,1076,三角点,佐賀県 長崎県,32.987528,130.076281,,,,,多良岳/経ヶ岳,,その他,
988,937-2,多良岳,たらだけ,多良岳,,996,標高点,佐賀県,32.975491,130.092539,,,1,,,三百名山:自動(名前一致・よみ一致・標高一致・距離0.0km・県一致),自動一致,
989,937-3,多良岳（五家原岳）,たらだけ（ごかはらだけ）,多良岳,五家原岳,1057,三角点,長崎県,32.958044,130.076548,,,,,多良岳/五家原岳,,その他,
990,938-1,雲仙岳（普賢岳）,うんぜんだけ（ふげんだけ）,雲仙岳,普賢岳,1359,三角点,長崎県,32.759909,130.292147,,,,,雲仙岳/普賢岳,,その他,
991,938-2,雲仙岳,うんぜんだけ,雲仙岳,平成新山,1483,標高点,長崎県,32.761257,130.298849,,1,,,平成新山,二百名山:自動(名前一致・よみ一致・標高一致・距離0.0km・県一致),自動一致,
992,939,長浦岳,ながうらだけ,長浦岳,,561,三角点,長崎県,32.913531,129.744841,,,,,,,その他,
993,940,八郎岳,はちろうだけ,八郎岳,,590,三角点,長崎県,32.670216,129.856522,,,,,,,その他,
994,941,御岳（雄岳）,みたけ（おたけ）,御岳,雄岳,479,標高点,長崎県,34.572366,129.381747,,,,,御岳/雄岳,,その他,
995,942,白嶽,しらたけ,白嶽,,518,標高点,長崎県,34.263910,129.249595,,,,,,,その他,
996,943,有明山,ありあけやま,有明山,,558,三角点,長崎県,34.204406,129.265008,,,,,,,その他,
997,944,矢立山,やたてやま,矢立山,,648,三角点,長崎県,34.177379,129.226116,,,,,,,その他,
998,945,山王山（雄嶽）,さんのうざん（おんたけ）,山王山,,439,三角点,長崎県,32.933462,129.052939,,,,,雄嶽,,その他,
999,946,父ヶ岳,ててがだけ,父ヶ岳,,460,三角点,長崎県,32.698195,128.681048,,,,,,,その他,
1000,947,佩楯山,はいだてさん,佩楯山,,754,三角点,大分県,32.953095,131.645749,,,,,,,その他,
1001,948,傾山,かたむきやま,傾山,,1605,測定点,大分県,32.839000,131.475911,,,1,,,三百名山:自動(名前一致・よみ一致・標高一致・距離0.0km・県一致),自動一致,
1002,949,大崩山,おおくえやま,大崩山,,1644,測定点,宮崎県,32.737774,131.513389,,1,,,,二百名山:自動(名前一致・よみ一致・標高一致・距離0.0km・県一致),自動一致,
1003,950,行縢山,むかばきやま,行縢山,,830,三角点,宮崎県,32.625935,131.572272,,,,,,,その他,
1004,951,祖母山,そぼさん,祖母山,,1756,三角点,大分県 宮崎県,32.828131,131.347045,1,,,,,百名山:自動(名前一致・よみ一致・標高一致・県一致),自動一致,
1005,952,古祖母山,ふるそぼさん,古祖母山,,1633,三角点,大分県 宮崎県,32.802729,131.364321,,,,,,,その他,
1006,953,諸塚山,もろつかやま,諸塚山,,1341,三角点,宮崎県,32.634592,131.287423,,,,,,,その他,
1007,954,向坂山,むこうざかやま,向坂山,,1685,三角点,熊本県 宮崎県,32.579622,131.104868,,,,,,,その他,
1008,955,国見岳,くにみだけ,国見岳,,1739,三角点,熊本県 宮崎県,32.547131,131.018363,,,1,,,三百名山:自動(名前一致・よみ一致・標高一致・距離0.0km・県一致),自動一致,
1009,956,上福根山,かみふくねやま,上福根山,,1646,三角点,熊本県,32.473426,130.946812,,,,,,,その他,
1010,957,江代山（津野岳）,えしろやま（つのだけ）,江代山,,1607,三角点,熊本県 宮崎県,32.370442,131.076072,,,,,津野岳,,その他,
1011,958,市房山,いちふさやま,市房山,,1720,三角点,熊本県 宮崎県,32.311682,131.101036,,1,,,,二百名山:自動(名前一致・よみ一致・標高一致・距離0.0km・県一致),自動一致,
1012,959,石堂山,いしどうやま,石堂山,,1547,三角点,宮崎県,32.300192,131.167673,,,,,,,その他,
1013,960,尾鈴山,おすずやま,尾鈴山,,1405,三角点,宮崎県,32.299301,131.426587,,1,,,,二百名山:自動(名前一致・よみ一致・標高一致・距離0.0km・県一致),自動一致,
1014,961,仰烏帽子山,のけえぼしやま,仰烏帽子山,,1302,三角点,熊本県,32.371428,130.777717,,,,,,,その他,
1015,962,白髪岳,しらがたけ,白髪岳,,1417,三角点,熊本県,32.150399,130.943371,,,,,,,その他,
1016,963,国見山,くにみやま,国見山,,969,三角点,熊本県,32.187845,130.614181,,,,,,,その他,
1017,964,矢筈岳,やはずだけ,矢筈岳,,687,三角点,熊本県 鹿児島県,32.122915,130.400678,,,,,,,その他,
1018,965,紫尾山（上宮山）,しびさん（じょうぐうざん）,紫尾山,,1067,標高点,鹿児島県,31.980835,130.367641,,,,,上宮山,,その他,
1019,966,鰐塚山,わにつかやま,鰐塚山,,1118,三角点,宮崎県,31.768866,131.269503,,,,,,,その他,
1020,967-1,霧島山,きりしまやま,霧島山,韓国岳,1700,三角点,宮崎県 鹿児島県,31.934170,130.861577,1,,,,韓国岳,百名山:自動(名前一致・よみ一致・標高一致・県一致),自動一致,
1021,967-2,霧島山（新燃岳）,きりしまやま（しんもえだけ）,霧島山,新燃岳,1421,標高点,宮崎県 鹿児島県,31.909582,130.886395,,,,,霧島山/新燃岳,,その他,
1022,967-3,高千穂峰,たかちほみね,霧島山,高千穂峰,1573,三角点,宮崎県,31.886257,130.918939,,1,,,霧島山,二百名山:自動(名前一致・標高一致・距離0.0km・県一致),自動一致,
1023,968-1,高隈山,たかくまやま,高隈山,大箆柄岳,1236,三角点,鹿児島県,31.486212,130.818538,,,1,,大箆柄岳,三百名山:自動(名前一致・よみ一致・標高一致・距離0.0km・県一致),自動一致,
1024,968-2,高隈山（御岳）,たかくまやま（おんたけ）,高隈山,御岳,1182,三角点,鹿児島県,31.460302,130.820618,,,,,高隈山/御岳,,その他,
1025,969,甫与志岳,ほよしだけ,甫与志岳,,967,三角点,鹿児島県,31.264171,130.990121,,,,,,,その他,
1026,970,稲尾岳,いなおだけ,稲尾岳,,930,標高点,鹿児島県,31.123479,130.884683,,,,,,,その他,
1027,971,桜島,さくらじま,御岳,,1117,標高点,鹿児島県,31.592626,130.656638,,1,,,御岳（北岳）/北岳,二百名山:自動(標高一致・距離0.5km・県一致),自動一致,
1028,972,八重山,やえやま,八重山,,677,三角点,鹿児島県,31.734508,130.448447,,,,,,,その他,
1029,973,冠岳（西岳）,かんむりだけ（にしだけ）,冠岳,,516,三角点,鹿児島県,31.748703,130.331238,,,,,西岳,,その他,
1030,974,熊ヶ岳,くまがだけ,熊ヶ岳,,590,三角点,鹿児島県,31.455293,130.463887,,,,,,,その他,
1031,975,金峯山,きんぽうざん,金峯山,,636,三角点,鹿児島県,31.467668,130.382944,,,,,,,その他,
1032,976,野間岳,のまだけ,野間岳,,591,三角点,鹿児島県,31.404520,130.158222,,,,,,,その他,
1033,977,開聞岳,かいもんだけ,開聞岳,,924,測定点,鹿児島県,31.179926,130.528406,1,,,,,百名山:自動(名前一致・よみ一致・標高一致・県一致),自動一致,
1034,978,倉岳,くらたけ,倉岳,,682,三角点,熊本県,32.427784,130.326985,,,,,,,その他,
1035,979,角山,かどやま,角山,,526,三角点,熊本県,32.399331,130.093892,,,,,,,その他,
1036,980,尾岳,おたけ,尾岳,,604,三角点,鹿児島県,31.723184,129.739338,,,,,,,その他,
1037,981,天女ヶ倉,あまめがくら,天女ヶ倉,,238,三角点,鹿児島県,30.743587,131.053398,,,,,,,その他,
1038,982,硫黄岳,いおうだけ,硫黄岳,,704,三角点,鹿児島県,30.793004,130.305254,,,,,,,その他,
1039,983,櫓岳,やぐらだけ,櫓岳,,621,三角点,鹿児島県,30.828329,129.937494,,,,,,,その他,
1040,984,古岳,ふるだけ,古岳,,657,標高点,鹿児島県,30.443215,130.217344,,,,,,,その他,
1041,985,宮ノ浦岳,みやのうらだけ,宮之浦岳,,1936,測定点,鹿児島県,30.335951,130.504287,1,,,,宮之浦岳,百名山:自動(よみ一致・標高一致・県一致),自動一致,
1042,986,永田岳,ながただけ,永田岳,,1886,標高点,鹿児島県,30.342870,130.492440,,,,,,,その他,
1043,987,モッチョム岳,もっちょむだけ,モッチョム岳,,940,標高点,鹿児島県,30.256697,130.564221,,,,,,,その他,
1044,988,前岳,まえだけ,前岳,,628,三角点,鹿児島県,29.968026,129.925441,,,,,,,その他,
1045,989,御岳,おたけ,御岳,,979,三角点,鹿児島県,29.859296,129.856983,,,,,,,その他,
1046,990,御岳,おたけ,御岳,,497,三角点,鹿児島県,29.903088,129.541639,,,,,,,その他,
1047,991,御岳,おたけ,御岳,,796,標高点,鹿児島県,29.638415,129.713890,,,,,,,その他,
1048,992,御岳,みたけ,御岳,,584,三角点,鹿児島県,29.464976,129.594734,,,,,,,その他,
1049,993,イマキラ岳,いまきらだけ,イマキラ岳,,292,三角点,鹿児島県,29.144466,129.208053,,,,,,,その他,
1050,994,[横当島],[よこあてじま],[横当島],,495,三角点,鹿児島県,28.800775,128.994770,,,,,,,その他,
1051,995,湯湾岳,ゆわんだけ,湯湾岳,,694,三角点,鹿児島県,28.296088,129.321160,,,,,,,その他,
1052,996,井之川岳,いのかわだけ,井之川岳,,645,三角点,鹿児島県,27.778702,128.983155,,,,,,,その他,
1053,997,大山,おおやま,大山,,240,三角点,鹿児島県,27.369144,128.566700,,,,,,,その他,
1054,998,与那覇岳,よなはだけ,与那覇岳,,503,標高点,沖縄県,26.717044,128.218696,,,,,,,その他,
1055,999,八重岳,やえだけ,八重岳,,453,三角点,沖縄県,26.635498,127.928346,,,,,,,その他,
1056,1000,恩納岳,おんなだけ,恩納岳,,363,三角点,沖縄県,26.479362,127.874742,,,,,,,その他,
1057,1001,於茂登岳,おもとだけ,於茂登岳,,526,測定点,沖縄県,24.427171,124.183264,,,,,,,その他,
1058,1002,古見岳,こみだけ,古見岳,,470,三角点,沖縄県,24.359226,123.891176,,,,,,,その他,
1059,1003,宇良部岳,うらぶだけ,宇良部岳,,231,三角点,沖縄県,24.452912,123.005502,,,,,,,その他,
,,二岐山,ふたまたやま,,,1544,地理院DEM最高画素,福島県,37.246472,139.967258,,,1,,,三百名山:Wikipedia,依頼者確認済,福島県。地理院1003山に無い。座標は第147で依頼者確認(OK) / 座標は地理院DEM5Aの最高画素。Wikipedia座標から約10m(DEM標高1543.9m)
,,諏訪山,すわやま,,,1549,地理院DEM最高画素,群馬県,36.039921,138.729494,,,1,,,三百名山:Wikipedia,依頼者確認済,群馬県。地理院1003山に無い。座標は第147で依頼者確認(OK) / 座標は地理院DEM5Aの最高画素。Wikipedia座標から約10m(DEM標高1548.4m)
,,藤原岳,ふじわらだけ,,,1144,地理院DEM最高画素,三重県/滋賀県,35.158705,136.452749,,,1,,,三百名山:Wikipedia,依頼者確認済,三重県/滋賀県。地理院1003山に無い。座標は第147で依頼者確認(OK) / 座標は地理院DEM5Aの最高画素(展望丘)。Wikipedia座標から約110m西(DEM標高1141.1m)
,,吾妻山,あづまやま,,,1238,地理院DEM最高画素,広島県/島根県,35.068239,133.033125,,,1,,,三百名山:Wikipedia,依頼者確認済,"広島県庄原市の吾妻山1238m。地理院1003山に無い。座標は第147で依頼者がヤマレコで確認(三百名山ページの座標は約2km東の別地点だった) / 座標は依頼者の座標(35.068167,133.032972・ヤマレコ)の周り300mの地理院DEM5A最高画素(第147)(DEM標高1237.8m)"
